Username,ID,Money Available,Role,Password,First Name,DOB,Flights Purchased,MinerAirlines Membership,Last Name,Updated Flights Purchased,Updated Money Available
rickygardner,565,12484.89,Employee,Fun!23,Ricky,1/25/00,0,FALSE,Gardner,6,111.94275000000073
benjaminramirez,398,11703.53,Employee,Fun!23,Benjamin,4/12/00,0,TRUE,Ramirez,5,59.49749999999881
emmaarmstrong,338,7916.14,Employee,Fun!23,Emma,5/10/00,0,TRUE,Armstrong,4,234.48300000000052
gloriapage,304,2526.31,Employee,Fun!23,Gloria,6/5/00,0,FALSE,Page,7,18.124875000000088
jameshenderson,242,14542.96,Employee,Fun!23,James,6/16/00,0,FALSE,Henderson,4,241.62587500000018
victorross,604,8424.8,Employee,Fun!23,Victor,8/11/00,0,TRUE,Ross,1,181.45662500000026
sheriadams,585,3921.69,Employee,Fun!23,Sheri,8/20/00,0,FALSE,Adams,6,90.07874999999996
theresamacias,301,4867.44,Employee,Fun!23,Theresa,8/27/00,0,FALSE,Macias,2,211.37625000000025
erikalopez,623,5370.49,Employee,Fun!23,Erika,10/30/00,0,TRUE,Lopez,4,8.561250000000257
valeriemoore,349,12125.01,Employee,Fun!23,Valerie,12/31/00,0,FALSE,Moore,3,60.02624999999995
jenniferdavidson,879,3873.14,Employee,Fun!23,Jennifer,2/19/01,0,TRUE,Davidson,2,113.52074999999957
stevenmiller,919,12885.75,Employee,Fun!23,Steven,3/10/01,0,FALSE,Miller,6,109.11787500000042
georgewood,466,5891.03,Employee,Fun!23,George,4/17/01,0,FALSE,Wood,2,81.7130000000003
crystalhayes,827,5786.22,Employee,Fun!23,Crystal,8/1/01,0,FALSE,Hayes,5,104.48924999999929
terrencedixon,973,8436.37,Employee,Fun!23,Terrence,9/9/01,0,FALSE,Dixon,8,127.08649999999957
tylerevans,931,3265.38,Employee,Fun!23,Tyler,9/12/01,0,TRUE,Evans,4,136.41200000000015
jacobcontreras,629,9998.26,Employee,Fun!23,Jacob,9/30/01,0,TRUE,Contreras,2,238.72962500000028
kimberlyroberts,736,12478.6,Employee,Fun!23,Kimberly,10/11/01,0,TRUE,Roberts,7,29.54237500000005
gabrielasigalaacosta,80,6561.62,Employee,Fun!23,Gabriela,1/6/02,0,FALSE,SigalaAcosta,5,118.17562499999883
lisagaines,315,10253.32,Employee,Fun!23,Lisa,3/18/02,0,FALSE,Gaines,6,165.09049999999854
jasminedisney,10,3426.06,Customer,Fun!23,Jasmine,3/22/02,0,TRUE,Disney,3,64.61587500000041
barbaralove,897,3218.95,Employee,Fun!23,Barbara,4/9/02,0,FALSE,Love,5,242.4406249999994
patricklarsen,438,2435.54,Employee,Fun!23,Patrick,4/21/02,0,FALSE,Larsen,5,311.5645000000004
haleymoss,164,6002.38,Employee,Fun!23,Haley,5/8/02,0,FALSE,Moss,6,391.19425
heidipage,558,12804.51,Employee,Fun!23,Heidi,6/1/02,0,TRUE,Page,3,59.84274999999889
jenniferguzman,726,3385.68,Employee,Fun!23,Jennifer,6/13/02,0,TRUE,Guzman,6,63.884749999999144
christinavillanueva,883,13365.43,Employee,Fun!23,Christina,6/16/02,0,TRUE,Villanueva,10,18.033250000000294
jamesnolan,200,4970.07,Employee,Fun!23,James,7/31/02,0,TRUE,Nolan,3,261.7373749999999
alexandrafox,463,4992.66,Employee,Fun!23,Alexandra,8/8/02,0,FALSE,Fox,2,37.383000000000266
marklee,222,9811.87,Employee,Fun!23,Mark,9/9/02,0,TRUE,Lee,5,306.8771249999997
kennethsmith,354,5932.42,Employee,Fun!23,Kenneth,9/25/02,0,TRUE,Smith,3,204.3993749999994
haydenmcdaniel,780,3276.08,Employee,Fun!23,Hayden,10/9/02,0,TRUE,Mcdaniel,3,39.132749999998055
bryanhardy,327,12293.88,Employee,Fun!23,Bryan,10/22/02,0,FALSE,Hardy,4,26.268875000000435
codyrobles,720,2919.75,Employee,Fun!23,Cody,12/1/02,0,FALSE,Robles,3,132.69037500000036
rodneymcneil,743,14969.36,Employee,Fun!23,Rodney,2/11/03,0,FALSE,Mcneil,3,145.84674999999987
patriciahughes,1015,6439,Employee,Fun!23,Patricia,2/27/03,0,FALSE,Hughes,3,447.52087499999925
josephmacdonald,589,4973.31,Employee,Fun!23,Joseph,3/11/03,0,FALSE,Macdonald,9,11.014156250000276
michellepruitt,535,2202.92,Employee,Fun!23,Michelle,5/18/03,0,FALSE,Pruitt,11,25.34990625000021
katherinemcdonald,951,11694.47,Employee,Fun!23,Katherine,6/22/03,0,TRUE,Mcdonald,3,48.920249999999896
susangarcia,278,5108.06,Employee,Fun!23,Susan,8/11/03,0,TRUE,Garcia,5,29.894374999999854
paulherman,943,5201.29,Employee,Fun!23,Paul,10/27/03,0,FALSE,Herman,2,2.548875000000365
joshuabanks,716,3030.01,Employee,Fun!23,Joshua,1/3/04,0,FALSE,Banks,11,30.659593750000596
philipchaney,458,6056.5,Employee,Fun!23,Philip,2/27/04,0,FALSE,Chaney,8,19.748624999999663
dennissmith,745,9084.32,Employee,Fun!23,Dennis,3/28/04,0,TRUE,Smith,6,5.2268749999979605
alondragonzalezayala,53,4371.01,Employee,Fun!23,Alondra,4/12/04,0,TRUE,GonzalezAyala,10,1.7799999999993759
erinmejia,797,9233.21,Employee,Fun!23,Erin,5/1/04,0,FALSE,Mejia,5,95.54071875000002
ambersellers,489,14707.16,Employee,Fun!23,Amber,5/3/04,0,TRUE,Sellers,9,6.117718749999625
bretthiggins,880,12099.21,Employee,Fun!23,Brett,5/22/04,0,TRUE,Higgins,6,20.662374999999244
nancyrobles,528,14507.61,Employee,Fun!23,Nancy,9/3/04,0,TRUE,Robles,12,50.41215625000231
jillsolis,430,5495.43,Employee,Fun!23,Jill,9/11/04,0,FALSE,Solis,2,87.08768749999967
davidgardner,146,11941.78,Employee,Fun!23,David,9/16/04,0,TRUE,Gardner,15,8.39512499999924
donnatravis,393,7046.12,Employee,Fun!23,Donna,2/8/05,0,TRUE,Travis,6,45.02740625000024
kristinapatrick,434,10440.99,Employee,Fun!23,Kristina,2/16/05,0,FALSE,Patrick,5,29.58962499999984
darinporter,251,10517.57,Employee,Fun!23,Darin,4/28/05,0,FALSE,Porter,10,2.8528749999995426
davidjohnson,1003,7134.07,Employee,Fun!23,David,5/12/05,0,TRUE,Johnson,4,50.791406250000364
danielfoster,372,9765.82,Employee,Fun!23,Daniel,6/2/05,0,TRUE,Foster,5,27.80574999999874
bellaquintero,65,5818.66,Employee,Fun!23,Bella,8/29/05,0,TRUE,Quintero,10,32.32187500000089
tiffanymay,427,3804.06,Employee,Fun!23,Tiffany,9/17/05,0,FALSE,May,9,89.34562499999947
erikcase,244,14585.68,Employee,Fun!23,Erik,10/16/05,0,FALSE,Case,4,51.991281250000384
dianavalles,39,2484.87,Employee,Fun!23,Diana,10/27/05,0,TRUE,Valles,10,6.610218750000428
michaelmorton,521,4944.99,Employee,Fun!23,Michael,10/31/05,0,FALSE,Morton,10,8.602531250000169
amberconley,944,13882.93,Employee,Fun!23,Amber,12/7/05,0,FALSE,Conley,7,114.4795312499998
andrewmcclure,613,9537.31,Employee,Fun!23,Andrew,12/21/05,0,TRUE,Mcclure,4,49.90800000000013
courtneyolsen,1009,13060.42,Employee,Fun!23,Courtney,1/1/06,0,FALSE,Olsen,8,35.73587499999951
josephlewis,236,6471.9,Employee,Fun!23,Joseph,1/14/06,0,TRUE,Lewis,7,79.55621874999898
michellewood,481,8463.74,Employee,Fun!23,Michelle,3/9/06,0,FALSE,Wood,3,34.7880937499998
darrengibbs,612,4248.92,Employee,Fun!23,Darren,3/13/06,0,FALSE,Gibbs,6,109.69087499999989
lisapeters,860,7538.45,Employee,Fun!23,Lisa,3/25/06,0,FALSE,Peters,9,14.378249999999369
tyronejohnston,680,12694.42,Employee,Fun!23,Tyrone,7/11/06,0,TRUE,Johnston,9,21.000156250000828
tanyaturner,823,2607.1,Employee,Fun!23,Tanya,12/23/06,0,TRUE,Turner,5,104.48378125000028
christiansmith,224,3315.84,Employee,Fun!23,Christian,4/26/07,0,FALSE,Smith,6,19.94046875000008
emilybrady,439,13525.43,Employee,Fun!23,Emily,5/25/07,0,FALSE,Brady,11,59.234187500000054
jessicabarragan,45,7800.11,Employee,Fun!23,Jessica,6/21/07,0,FALSE,Barragan,9,57.8515937500006
jerrysmith,616,4846.93,Employee,Fun!23,Jerry,6/21/07,0,TRUE,Smith,12,14.988500000000329
joelwelch,562,5370.55,Employee,Fun!23,Joel,6/22/07,0,TRUE,Welch,3,35.76453124999989
princeeric,31,5257.78,Customer,Fun!23,Prince,7/11/07,0,FALSE,Eric,5,96.82474999999988
davidcosta,579,5741.56,Employee,Fun!23,David,11/20/07,0,TRUE,Costa,7,59.88862499999988
matthewerickson,261,6206.06,Employee,Fun!23,Matthew,11/23/07,0,TRUE,Erickson,4,51.90275000000054
annmiller,688,8539.17,Employee,Fun!23,Ann,12/30/07,0,TRUE,Miller,6,5.845343749998534
williehobbs,729,10310.26,Employee,Fun!23,Willie,3/7/08,0,TRUE,Hobbs,8,40.585874999999646
alyssapoole,675,12680.6,Employee,Fun!23,Alyssa,4/19/08,0,FALSE,Poole,11,16.736281249999635
juanbrock,839,10649.17,Employee,Fun!23,Juan,5/4/08,0,FALSE,Brock,6,1.92843749999912
brittanyhawkins,120,13786.13,Employee,Fun!23,Brittany,7/12/08,0,FALSE,Hawkins,8,22.948374999998435
ryanwilkins,446,12402.73,Employee,Fun!23,Ryan,7/17/08,0,FALSE,Wilkins,10,9.269374999999854
seanhull,406,4768.03,Employee,Fun!23,Sean,8/31/08,0,TRUE,Hull,10,89.37362499999938
christopherunderwood,735,9269.37,Employee,Fun!23,Christopher,9/18/08,0,FALSE,Underwood,10,22.841156250000466
jenniferpreston,983,4412.19,Employee,Fun!23,Jennifer,11/26/08,0,FALSE,Preston,7,36.86450000000002
angelbarber,495,4573.92,Employee,Fun!23,Angel,12/5/08,0,TRUE,Barber,4,23.812156250000328
craigfleming,832,12180.7,Employee,Fun!23,Craig,3/3/09,0,TRUE,Fleming,9,103.82299999999901
tanyakent,394,10311.63,Employee,Fun!23,Tanya,4/11/09,0,TRUE,Kent,6,40.18318749999747
lisabrown,353,10815.25,Employee,Fun!23,Lisa,5/29/09,0,TRUE,Brown,7,100.02768750000027
ianrybak,77,4027.63,Employee,Fun!23,Ian,7/28/09,0,FALSE,Rybak,3,65.22362499999943
krystalthompson,397,4713.24,Employee,Fun!23,Krystal,8/24/09,0,FALSE,Thompson,8,47.4057499999999
emmapadilla,431,14420,Employee,Fun!23,Emma,9/8/09,0,FALSE,Padilla,11,212.32621874999927
isabellagaytan,40,9753.18,Employee,Fun!23,Isabella,10/9/09,0,TRUE,Gaytan,5,50.43806250000033
rebeccabrown,436,11409.56,Employee,Fun!23,Rebecca,11/19/09,0,FALSE,Brown,10,43.36750000000048
tanyadavis,272,11584.88,Employee,Fun!23,Tanya,11/30/09,0,FALSE,Davis,5,39.02543749999995
edwardmolina,611,10414.86,Employee,Fun!23,Edward,12/20/09,0,FALSE,Molina,7,13.962593749999428
darleneshaw,496,13364.16,Employee,Fun!23,Darlene,1/26/10,0,FALSE,Shaw,7,113.17443750000007
jasonclark,677,5799.56,Employee,Fun!23,Jason,2/11/10,0,TRUE,Clark,7,0.03353124999955526
dereklopez,631,11344.7,Employee,Fun!23,Derek,3/21/10,0,TRUE,Lopez,10,71.75400000000195
hannahmaldonado,507,4646.32,Employee,Fun!23,Hannah,5/25/10,0,FALSE,Maldonado,5,33.50612499999981
ericaharrison,102,12441.5,Employee,Fun!23,Erica,6/18/10,0,FALSE,Harrison,10,171.01137499999982
mistyjimenez,570,13249.93,Employee,Fun!23,Misty,8/24/10,0,TRUE,Jimenez,5,23.03421874999988
robertpreston,104,11193.69,Employee,Fun!23,Robert,9/25/10,0,TRUE,Preston,10,25.48065625000092
kevinlarson,462,9528.52,Employee,Fun!23,Kevin,11/3/10,0,FALSE,Larson,7,5.112124999999011
ethanholmes,203,2511.64,Employee,Fun!23,Ethan,12/4/10,0,FALSE,Holmes,11,17.362406250001243
mariamitchell,298,4087,Employee,Fun!23,Maria,3/6/11,0,TRUE,Mitchell,3,5.4116249999998445
robertpark,225,11330.93,Employee,Fun!23,Robert,6/5/11,0,TRUE,Park,2,18.359781250000196
stevenhartman,661,8106.76,Employee,Fun!23,Steven,6/19/11,0,TRUE,Hartman,11,75.74618749999787
crystalrice,465,6443.27,Employee,Fun!23,Crystal,10/5/11,0,TRUE,Rice,6,55.95850000000006
victoriaellis,909,12204.76,Employee,Fun!23,Victoria,10/21/11,0,FALSE,Ellis,6,52.57893749999977
douglasmckay,972,10180.97,Employee,Fun!23,Douglas,11/6/11,0,TRUE,Mckay,4,3.2334999999999425
shannonholden,178,8125.55,Employee,Fun!23,Shannon,1/19/12,0,TRUE,Holden,6,27.40881250000041
karenzhang,265,10686.23,Employee,Fun!23,Karen,2/26/12,0,TRUE,Zhang,5,14.147937500001007
cassandracook,581,6823.96,Employee,Fun!23,Cassandra,6/27/12,0,TRUE,Cook,13,123.8943750000002
christopherlucero,864,10302.16,Employee,Fun!23,Christopher,7/3/12,0,TRUE,Lucero,6,58.85562499999901
kennethboyd,878,4746.76,Employee,Fun!23,Kenneth,9/16/12,0,TRUE,Boyd,4,35.20599999999979
susandavis,295,9520.93,Employee,Fun!23,Susan,10/5/12,0,TRUE,Davis,14,3.989874999998534
davidgross,247,7817.63,Employee,Fun!23,David,12/1/12,0,FALSE,Gross,10,32.64274999999867
nicolelloyd,852,6008.18,Employee,Fun!23,Nicole,12/2/12,0,FALSE,Lloyd,9,55.28787500000024
christinavaltierra,84,13817.91,Employee,Fun!23,Christina,12/15/12,0,FALSE,Valtierra,7,19.037656249999372
howarddavenport,752,9331.85,Employee,Fun!23,Howard,1/5/13,0,TRUE,Davenport,5,2.051625000000712
danamiller,842,13475.2,Employee,Fun!23,Dana,2/27/13,0,TRUE,Miller,11,29.52365624999966
shannonbennett,274,9289.35,Employee,Fun!23,Shannon,3/18/13,0,TRUE,Bennett,11,80.4628124999993
tammywaters,971,14426.84,Employee,Fun!23,Tammy,3/23/13,0,FALSE,Waters,10,42.94812500000057
brittanyray,229,13718.3,Employee,Fun!23,Brittany,4/10/13,0,FALSE,Ray,7,83.80725000000064
stevenowens,488,12865.75,Employee,Fun!23,Steven,6/28/13,0,FALSE,Owens,6,2.918499999999213
christopherberry,963,11750.51,Employee,Fun!23,Christopher,6/29/13,0,FALSE,Berry,8,95.86762500000015
elizabethcastillo,806,4725.51,Employee,Fun!23,Elizabeth,7/15/13,0,FALSE,Castillo,11,4.112437499999928
christinawheeler,348,2295.91,Employee,Fun!23,Christina,8/27/13,0,TRUE,Wheeler,9,51.55915625000105
aprillopez,915,11394.97,Employee,Fun!23,April,9/22/13,0,TRUE,Lopez,5,18.321749999999852
wendystanton,468,7846.66,Employee,Fun!23,Wendy,9/28/13,0,TRUE,Stanton,6,2.367749999999603
alejandramorris,250,10529.39,Employee,Fun!23,Alejandra,10/3/13,0,FALSE,Morris,3,5.251625000000331
johnblevins,692,5248.05,Employee,Fun!23,John,10/25/13,0,TRUE,Blevins,7,43.5118750000004
josephdavis,887,14785.5,Employee,Fun!23,Joseph,12/28/13,0,FALSE,Davis,5,14.629125000000244
lorettaphillips,654,2951.7,Employee,Fun!23,Loretta,6/21/14,0,FALSE,Phillips,8,96.25390624999973
michaelsmith,181,14063.32,Employee,Fun!23,Michael,6/27/14,0,TRUE,Smith,9,15.729468749999754
sariyahrussell,76,3201.11,Employee,Fun!23,Sariyah,7/23/14,0,FALSE,Russell,11,27.02599999999987
jamieconner,518,10170.73,Employee,Fun!23,Jamie,9/5/14,0,FALSE,Conner,8,28.066906249998226
jasonburke,160,13327.94,Employee,Fun!23,Jason,12/19/14,0,TRUE,Burke,10,40.9449062500002
jeffreybest,697,2464.7,Employee,Fun!23,Jeffrey,3/8/15,0,TRUE,Best,6,11.209562500000118
michaelwilliamson,833,4949.66,Employee,Fun!23,Michael,5/3/15,0,FALSE,Williamson,4,13.422312500000217
melissamccormick,105,13599.53,Employee,Fun!23,Melissa,6/15/15,0,TRUE,Mccormick,5,56.825999999999496
hollycruz,730,8843.47,Employee,Fun!23,Holly,7/4/15,0,FALSE,Cruz,10,82.19512500000015
anthonybrooks,594,4171.79,Employee,Fun!23,Anthony,7/26/15,0,FALSE,Brooks,5,20.27515625000052
juliangutierrez,484,2026.42,Employee,Fun!23,Julian,8/10/15,0,FALSE,Gutierrez,8,35.450500000000716
belledisney,21,8473.53,Customer,Fun!23,Belle,10/13/15,0,FALSE,Disney,10,3.560281249998468
williamortiz,676,6264.09,Employee,Fun!23,William,10/18/15,0,TRUE,Ortiz,3,63.39187500000094
danielledorsey,506,6709.54,Employee,Fun!23,Danielle,1/11/16,0,TRUE,Dorsey,7,14.39653124999991
kevinharrison,858,8452.33,Employee,Fun!23,Kevin,2/6/16,0,TRUE,Harrison,7,4.732499999999334
nicholasjackson,670,13163.92,Employee,Fun!23,Nicholas,3/3/16,0,TRUE,Jackson,9,61.722875000000386
melissamcdonald,652,12836.69,Employee,Fun!23,Melissa,3/8/16,0,FALSE,Mcdonald,2,0.6393125000002868
jeffreyluna,296,6808.21,Employee,Fun!23,Jeffrey,3/30/16,0,FALSE,Luna,9,38.95337499999974
richardsullivan,767,10680.67,Employee,Fun!23,Richard,5/21/16,0,FALSE,Sullivan,5,31.86849999999947
antoniobrooks,361,5880.07,Employee,Fun!23,Antonio,5/25/16,0,FALSE,Brooks,7,7.691374999999994
dorothycox,245,4654.17,Employee,Fun!23,Dorothy,7/1/16,0,TRUE,Cox,11,47.9488125000006
monicacraig,747,9054.41,Employee,Fun!23,Monica,8/31/16,0,FALSE,Craig,5,73.86118749999832
garymckenzie,921,14289.44,Employee,Fun!23,Gary,9/3/16,0,FALSE,Mckenzie,8,59.735593750000575
seanmedina,142,3110.38,Employee,Fun!23,Sean,9/4/16,0,TRUE,Medina,10,9.604218750000612
michaelthomas,777,7626.74,Employee,Fun!23,Michael,9/8/16,0,TRUE,Thomas,6,17.94637499999949
danielromero,284,6206.15,Employee,Fun!23,Daniel,12/27/16,0,TRUE,Romero,6,4.522374999999954
dorismoore,422,8779.28,Employee,Fun!23,Doris,1/3/17,0,TRUE,Moore,6,34.68056250000268
mariakelly,1025,8584.64,Employee,Fun!23,Maria,2/15/17,0,TRUE,Kelly,3,1.5953749999992368
justindavis,501,5937.48,Employee,Fun!23,Justin,2/20/17,0,TRUE,Davis,6,13.530375000000305
donaldduck,2,11582.71,Customer,Fun!23,Donald,3/21/17,0,TRUE,Duck,5,91.92762499999958
brittanyweaver,556,12829.88,Employee,Fun!23,Brittany,4/13/17,0,TRUE,Weaver,5,4.018624999999361
bruceclark,500,8986.5,Employee,Fun!23,Bruce,5/11/17,0,FALSE,Clark,5,17.37187499999959
timothywagner,1026,8005.23,Employee,Fun!23,Timothy,6/5/17,0,TRUE,Wagner,7,64.70812499999917
michaelmartinez,540,13615,Employee,Fun!23,Michael,10/15/17,0,TRUE,Martinez,12,21.34574999999927
anthonymoore,660,5910.57,Employee,Fun!23,Anthony,10/16/17,0,FALSE,Moore,3,36.99050000000025
keithellis,395,6711.7,Employee,Fun!23,Keith,11/3/17,0,FALSE,Ellis,10,28.04512499999896
teresastewart,712,2105.25,Employee,Fun!23,Teresa,12/12/17,0,TRUE,Stewart,3,57.019531249999915
danielolson,98,4290.23,Employee,Fun!23,Daniel,12/21/17,0,TRUE,Olson,12,17.774156250000296
markbutler,1021,11675.92,Employee,Fun!23,Mark,1/12/18,0,FALSE,Butler,7,25.601500000000343
brettwallace,881,2399.1,Employee,Fun!23,Brett,1/16/18,0,FALSE,Wallace,6,19.859125000000603
enriquerico,67,3597.56,Employee,Fun!23,Enrique,3/26/18,0,FALSE,Rico,7,47.12446874999915
lisastafford,377,9694.42,Employee,Fun!23,Lisa,4/3/18,0,FALSE,Stafford,4,11.211187500000193
johnhouse,875,2055.1,Employee,Fun!23,John,4/29/18,0,FALSE,House,8,42.65374999999972
dustinoliver,288,5531.93,Employee,Fun!23,Dustin,5/1/18,0,TRUE,Oliver,4,19.944374999999965
akinyemiakinjayeju,43,13288.33,Employee,Fun!23,Akinyemi,5/21/18,0,FALSE,Akinjayeju,8,51.91359375000111
herculesdisney,33,5299.83,Customer,Fun!23,Hercules,6/16/18,0,TRUE,Disney,7,1.8625312499999893
joseespinoza gonzalez,52,6918.51,Employee,Fun!23,Jose,6/19/18,0,TRUE,Espinoza Gonzalez,6,3.2905937499992177
ryanmcconnell,300,6127.08,Employee,Fun!23,Ryan,6/28/18,0,TRUE,Mcconnell,24,25.725625000001884
lindaalexander,459,8428.8,Employee,Fun!23,Linda,7/7/18,0,FALSE,Alexander,6,15.672624999999556
michelleray,771,9664.68,Employee,Fun!23,Michelle,1/2/19,0,TRUE,Ray,12,43.4184687500002
michelleholland,128,3573.22,Employee,Fun!23,Michelle,1/29/19,0,FALSE,Holland,8,24.72974999999977
danawilliams,94,6817.43,Employee,Fun!23,Dana,3/7/19,0,TRUE,Williams,8,49.02675000000053
dorismercado,475,8498.83,Employee,Fun!23,Doris,4/10/19,0,TRUE,Mercado,12,57.50249999999891
brookemaxwell,1035,4899.55,Employee,Fun!23,Brooke,6/21/19,0,FALSE,Maxwell,8,51.58812499999976
keithortiz,188,11014.86,Employee,Fun!23,Keith,8/23/19,0,FALSE,Ortiz,6,63.11175000000026
leonardking,705,3339.07,Employee,Fun!23,Leonard,9/16/19,0,TRUE,King,4,2.1802500000002
victoriamoses,525,7275.92,Employee,Fun!23,Victoria,9/19/19,0,FALSE,Moses,11,31.853031249999816
susanalvarez,214,8031.66,Employee,Fun!23,Susan,9/21/19,0,TRUE,Alvarez,8,5.717375000000999
jamespittman,177,4500.11,Employee,Fun!23,James,9/23/19,0,TRUE,Pittman,3,49.51125000000053
craigschaefer,268,13442.45,Employee,Fun!23,Craig,11/7/19,0,TRUE,Schaefer,8,48.392718749999986
shawnlee,813,10821.38,Employee,Fun!23,Shawn,12/28/19,0,TRUE,Lee,14,2.3817187499993935
thomaselliott,383,5735.63,Employee,Fun!23,Thomas,1/5/20,0,FALSE,Elliott,6,22.410437500000256
williamwolf,356,12372.13,Employee,Fun!23,William,1/23/20,0,FALSE,Wolf,5,48.75081250000096
emilyestes,810,12741.07,Employee,Fun!23,Emily,2/14/20,0,FALSE,Estes,4,6.496281249999129
kellyyu,223,7975.79,Employee,Fun!23,Kelly,3/9/20,0,FALSE,Yu,7,70.02340625000022
scottrose,399,7784.71,Employee,Fun!23,Scott,3/18/20,0,FALSE,Rose,8,65.08074999999964
geraldbaker,450,8280.34,Employee,Fun!23,Gerald,4/4/20,0,TRUE,Baker,4,25.786999999999807
lisayu,1023,3310,Employee,Fun!23,Lisa,5/4/20,0,TRUE,Yu,8,41.8741562499999
jasonskinner,460,12118.64,Employee,Fun!23,Jason,8/25/20,0,FALSE,Skinner,5,2.369000000000341
albertovillegas,87,3619.29,Employee,Fun!23,Alberto,12/6/20,0,FALSE,Villegas,12,49.42924999999792
rubenedwards,402,8497.03,Employee,Fun!23,Ruben,2/4/21,0,FALSE,Edwards,3,88.80859375000057
victoriamartin,152,8016.42,Employee,Fun!23,Victoria,2/28/21,0,FALSE,Martin,5,168.3040624999992
samanthathomas,437,4314.77,Employee,Fun!23,Samantha,4/20/21,0,TRUE,Thomas,8,16.793749999999278
sandrasutton,868,8832.72,Employee,Fun!23,Sandra,5/25/21,0,TRUE,Sutton,3,21.36800000000018
aliciamoran,816,14565.03,Employee,Fun!23,Alicia,6/5/21,0,TRUE,Moran,6,21.260625000000687
thomasbonilla,478,10657.63,Employee,Fun!23,Thomas,6/28/21,0,FALSE,Bonilla,4,68.10349999999994
sherriarmstrong,628,10954.82,Employee,Fun!23,Sherri,12/6/21,0,TRUE,Armstrong,9,44.28053124999971
stephanieobrien,799,10275.26,Employee,Fun!23,Stephanie,4/6/22,0,TRUE,Obrien,9,29.671156249999257
jamesking,123,8199.77,Employee,Fun!23,James,4/8/22,0,FALSE,King,3,88.61350000000058
elizabethtorres,754,7293.63,Employee,Fun!23,Elizabeth,6/29/22,0,TRUE,Torres,11,24.29875000000068
timothygreene,990,14385.64,Employee,Fun!23,Timothy,7/31/22,0,FALSE,Greene,17,27.450000000001467
reneebradley,113,2488.87,Employee,Fun!23,Renee,12/30/22,0,FALSE,Bradley,15,44.02937499999975
susanhumphrey,257,13515,Employee,Fun!23,Susan,2/16/23,0,FALSE,Humphrey,8,29.664187499998363
shawnsantos,996,14755.4,Employee,Fun!23,Shawn,3/30/23,0,FALSE,Santos,5,3.930218749999881
marycruz,292,2093.36,Employee,Fun!23,Mary,6/22/23,0,TRUE,Cruz,7,46.21925000000374
elizabethcruz,423,11955.03,Employee,Fun!23,Elizabeth,7/5/23,0,FALSE,Cruz,8,19.493812500000374
cynthiagiles,686,4374.01,Employee,Fun!23,Cynthia,9/9/23,0,FALSE,Giles,2,144.76849999999973
nicholasanderson,195,5080.43,Employee,Fun!23,Nicholas,10/5/23,0,FALSE,Anderson,11,30.56075000000007
douglashernandez,710,6676.97,Employee,Fun!23,Douglas,10/27/23,0,FALSE,Hernandez,3,60.75187500000038
cruellade vil,22,14678.39,Customer,Fun!23,Cruella,12/12/23,0,FALSE,De Vil,8,145.08443750000032
kellyjordan,724,6779.65,Employee,Fun!23,Kelly,1/4/24,0,TRUE,Jordan,5,17.728375000001165
joshuahickman,725,13684.53,Employee,Fun!23,Joshua,1/5/24,0,FALSE,Hickman,6,95.36224999999942
justinhawkins,895,8470.2,Employee,Fun!23,Justin,3/21/24,0,TRUE,Hawkins,10,10.927249999996889
ashleyromero,140,11534,Employee,Fun!23,Ashley,5/4/24,0,TRUE,Romero,7,50.44212500000054
michellemaldonado,192,13159.21,Employee,Fun!23,Michelle,5/31/24,0,FALSE,Maldonado,5,77.71384374999948
amybradley,309,4945.51,Employee,Fun!23,Amy,7/8/24,0,TRUE,Bradley,10,4.279875000002534
michaelmoran,159,6846.97,Employee,Fun!23,Michael,7/31/24,0,TRUE,Moran,6,3.7976249999985185
marissaoconnell,311,9561.55,Employee,Fun!23,Marissa,12/31/24,0,FALSE,Oconnell,3,83.80756250000047
jose luisrojas,73,13282.93,Employee,Fun!23,Jose Luis,3/16/25,0,TRUE,Rojas,11,102.00175000000088
tyronealvarado,882,2071.35,Employee,Fun!23,Tyrone,3/25/25,0,FALSE,Alvarado,9,2.0816562499999236
thomashall,709,8394.35,Employee,Fun!23,Thomas,5/11/25,0,FALSE,Hall,6,52.67537500000026
robertleblanc,572,13430.28,Employee,Fun!23,Robert,5/20/25,0,TRUE,Leblanc,5,104.63662500000021
andreramos,900,6374.36,Employee,Fun!23,Andre,5/29/25,0,FALSE,Ramos,5,19.57699999999987
colleenhall,793,14247.2,Employee,Fun!23,Colleen,8/3/25,0,TRUE,Hall,8,25.819781250000545
brandondillon,573,13941.5,Employee,Fun!23,Brandon,8/4/25,0,TRUE,Dillon,9,54.630999999999176
dennisreynolds,533,4885.82,Employee,Fun!23,Dennis,8/13/25,0,TRUE,Reynolds,10,34.48312499999952
michaelmccormick,738,7903.91,Employee,Fun!23,Michael,12/25/25,0,TRUE,Mccormick,4,33.61037499999975
sarahstanton,834,13200.19,Employee,Fun!23,Sarah,1/6/26,0,TRUE,Stanton,9,1.482249999999624
anitafletcher,753,2234.58,Employee,Fun!23,Anita,2/25/26,0,FALSE,Fletcher,4,2.992249999999558
victorharris,718,9693.39,Employee,Fun!23,Victor,5/20/26,0,TRUE,Harris,8,3.333437499999661
derekmacias,662,8722.79,Employee,Fun!23,Derek,7/11/26,0,TRUE,Macias,4,118.99825000000013
kaylamahoney,409,3362.52,Employee,Fun!23,Kayla,8/25/26,0,FALSE,Mahoney,6,40.24287500000137
samuelramossanchez,66,2330.73,Employee,Fun!23,Samuel,9/29/26,0,TRUE,RamosSanchez,4,48.1648124999997
mayrarobles,69,8649.54,Employee,Fun!23,Mayra,10/16/26,0,TRUE,Robles,3,17.93612499999881
deborahscott,456,12083.83,Employee,Fun!23,Deborah,12/3/26,0,FALSE,Scott,8,84.05612500000063
gailparker,141,14168.26,Employee,Fun!23,Gail,12/22/26,0,TRUE,Parker,6,41.29309374999961
natalierichardson,622,9591.17,Employee,Fun!23,Natalie,12/27/26,0,TRUE,Richardson,15,88.30743750000045
chadgreen,822,4278.12,Employee,Fun!23,Chad,12/28/26,0,FALSE,Green,8,34.76399999999913
joannaknight,649,14532.85,Employee,Fun!23,Joanna,2/11/27,0,FALSE,Knight,6,3.6690937499997176
tamiweaver,509,3078.42,Employee,Fun!23,Tami,6/7/27,0,FALSE,Weaver,8,57.96387499999918
laurasmith,308,14781.4,Employee,Fun!23,Laura,6/17/27,0,TRUE,Smith,8,120.8486250000011
stevenhernandez,511,11784.04,Employee,Fun!23,Steven,6/21/27,0,TRUE,Hernandez,7,25.243874999999328
raymondwoodward,435,6008.6,Employee,Fun!23,Raymond,7/5/27,0,FALSE,Woodward,7,6.029624999999882
hectorwhitney,790,13620.04,Employee,Fun!23,Hector,8/28/27,0,TRUE,Whitney,11,120.93662500000023
caseynavarro,812,4981.31,Employee,Fun!23,Casey,9/26/27,0,FALSE,Navarro,11,115.5631875
ashleymagallanes,60,3828.39,Employee,Fun!23,Ashley,10/18/27,0,TRUE,Magallanes,11,40.26750000000055
mollycohen,205,11722.38,Employee,Fun!23,Molly,10/27/27,0,FALSE,Cohen,8,63.81475000000077
brandidaniel,814,10082.62,Employee,Fun!23,Brandi,11/21/27,0,FALSE,Daniel,11,86.3611249999989
christianellis,867,13161.68,Employee,Fun!23,Christian,12/1/27,0,TRUE,Ellis,8,14.82321875000008
buzzlightyear,17,2813.51,Customer,Fun!23,Buzz,12/2/27,0,TRUE,Lightyear,11,36.14875000000221
dylanharris,156,5319.14,Employee,Fun!23,Dylan,2/6/28,0,FALSE,Harris,5,34.38649999999953
elizabethmedina,998,10980.88,Employee,Fun!23,Elizabeth,2/18/28,0,FALSE,Medina,9,42.56137500000057
jeffreymarquez,246,13535.26,Employee,Fun!23,Jeffrey,2/23/28,0,TRUE,Marquez,6,25.71103125000019
angelaenglish,1033,11306.25,Employee,Fun!23,Angela,2/27/28,0,TRUE,English,11,13.80362499999984
jafaraladdin,18,12841.85,Customer,Fun!23,Jafar,3/16/28,0,FALSE,Aladdin,8,38.17812499999846
juliayoung,700,8571.27,Employee,Fun!23,Julia,6/28/28,0,FALSE,Young,10,8.246124999999324
jenniferhuang,904,6679,Employee,Fun!23,Jennifer,9/16/28,0,TRUE,Huang,8,21.188499999999493
jamesromero,264,14942.97,Employee,Fun!23,James,9/26/28,0,FALSE,Romero,11,3.164343749999901
lauriejohnson,855,11631.89,Employee,Fun!23,Laurie,10/18/28,0,TRUE,Johnson,6,46.60131249999989
jessicaolsen,538,12279.81,Employee,Fun!23,Jessica,10/25/28,0,FALSE,Olsen,9,15.593531250001206
brandoncartwrightli,47,10397.59,Employee,Fun!23,Brandon,11/9/28,0,TRUE,CartwrightLi,12,44.26937499999921
edwardhernandez,143,2434.19,Employee,Fun!23,Edward,11/17/28,0,TRUE,Hernandez,6,33.43531250000058
angelacarney,744,3467.53,Employee,Fun!23,Angela,1/26/29,0,FALSE,Carney,5,16.349249999999728
susanhill,161,4188.44,Employee,Fun!23,Susan,2/3/29,0,FALSE,Hill,6,29.09603125000001
annrogers,820,12803.39,Employee,Fun!23,Ann,2/11/29,0,FALSE,Rogers,13,13.288531249997746
danielsummers,949,14119.39,Employee,Fun!23,Daniel,3/8/29,0,TRUE,Summers,6,40.66415624999934
simbadisney,12,10711.61,Customer,Fun!23,Simba,3/23/29,0,TRUE,Disney,11,50.03156249999999
melissarivera,326,2526.9,Employee,Fun!23,Melissa,3/23/29,0,TRUE,Rivera,7,65.61462499999993
franciscovazquez,85,13433.73,Employee,Fun!23,Francisco,4/13/29,0,FALSE,Vazquez,12,42.98499999999636
chelseagallagher,109,2319.2,Employee,Fun!23,Chelsea,8/2/29,0,TRUE,Gallagher,8,25.032999999999788
brendanphillips,911,2967.64,Employee,Fun!23,Brendan,8/31/29,0,FALSE,Phillips,8,12.409749999999846
enriquemunoz,62,6240.55,Employee,Fun!23,Enrique,9/7/29,0,TRUE,Munoz,8,27.85050000000058
samuelharrington,175,7895.16,Employee,Fun!23,Samuel,10/15/29,0,FALSE,Harrington,9,90.48909375000005
laurenhall,282,3539.02,Employee,Fun!23,Lauren,11/18/29,0,TRUE,Hall,6,83.25912500000032
jessicamartin,255,7449.28,Employee,Fun!23,Jessica,12/29/29,0,TRUE,Martin,9,89.9305000000006
jorgehaley,722,9448.61,Employee,Fun!23,Jorge,2/1/30,0,FALSE,Haley,3,80.34300000000022
jenniferwilliams,163,14445.11,Employee,Fun!23,Jennifer,4/18/30,0,TRUE,Williams,7,11.844499999998675
theresaclark,580,6613.62,Employee,Fun!23,Theresa,4/27/30,0,FALSE,Clark,7,55.69650000000024
robertwilson,359,12987.33,Employee,Fun!23,Robert,8/6/30,0,FALSE,Wilson,6,7.635843750001612
dawnking,283,4303.58,Employee,Fun!23,Dawn,8/8/30,0,TRUE,King,8,22.9376249999994
kimberlyrichardson,183,12365.4,Employee,Fun!23,Kimberly,9/21/30,0,TRUE,Richardson,7,16.7679999999998
amberbrown,360,2654.24,Employee,Fun!23,Amber,11/8/30,0,FALSE,Brown,6,19.776875000000047
kimberlymiller,933,9813.02,Employee,Fun!23,Kimberly,11/24/30,0,FALSE,Miller,7,49.33287499999946
peterpan,15,12861.4,Customer,Fun!23,Peter,12/26/30,0,TRUE,Pan,7,23.917937499999894
johnjones,731,5201.61,Employee,Fun!23,John,3/17/31,0,TRUE,Jones,7,82.1946250000002
jessicalloyd,828,14448.44,Employee,Fun!23,Jessica,4/25/31,0,TRUE,Lloyd,8,46.901875000000615
cynthiaellis,837,4739.7,Employee,Fun!23,Cynthia,6/22/31,0,FALSE,Ellis,9,40.21599999999981
geoffwaller,88,6009.32,Employee,Fun!23,Geoff,7/29/31,0,TRUE,Waller,4,65.30037499999975
danielsmith,717,4528.68,Employee,Fun!23,Daniel,7/31/31,0,FALSE,Smith,3,35.53515624999946
christopherdominguez,364,10057.17,Employee,Fun!23,Christopher,8/17/31,0,TRUE,Dominguez,5,55.31293749999958
joelarellano,240,7401.42,Employee,Fun!23,Joel,9/24/31,0,TRUE,Arellano,10,14.56424999999993
crystalhudson,110,13171.75,Employee,Fun!23,Crystal,1/4/32,0,TRUE,Hudson,10,61.402624999997826
briancastillo,263,12927.92,Employee,Fun!23,Brian,4/10/32,0,FALSE,Castillo,5,52.3529062500002
robertwu,258,13107.96,Employee,Fun!23,Robert,5/25/32,0,FALSE,Wu,5,44.4360000000009
bethmoss,1010,9545.93,Employee,Fun!23,Beth,5/30/32,0,TRUE,Moss,11,12.059749999998338
gastondisney,25,11332.24,Customer,Fun!23,Gaston,6/12/32,0,TRUE,Disney,9,24.012999999998897
kimberlyharris,1032,5174.77,Employee,Fun!23,Kimberly,7/18/32,0,FALSE,Harris,6,19.213874999999973
rickparrish,610,3984.24,Employee,Fun!23,Rick,8/4/32,0,TRUE,Parrish,5,0.7841249999998894
gregoryshort,922,6724.64,Employee,Fun!23,Gregory,9/4/32,0,TRUE,Short,5,29.54050000000001
adammaldonado,297,3742.3,Employee,Fun!23,Adam,9/10/32,0,FALSE,Maldonado,10,82.78137500000005
brianrodilesdelgado,70,5658.02,Employee,Fun!23,Brian,9/13/32,0,TRUE,RodilesDelgado,8,2.49312499999958
bobbygonzales,559,6419.77,Employee,Fun!23,Bobby,9/13/32,0,TRUE,Gonzales,12,104.37037499999747
kayleepatterson,241,9309.14,Employee,Fun!23,Kaylee,10/12/32,0,FALSE,Patterson,9,104.17068749999963
bradleybell,576,4432.49,Employee,Fun!23,Bradley,11/19/32,0,FALSE,Bell,11,18.586250000001257
samanthacooper,485,13032.47,Employee,Fun!23,Samantha,11/20/32,0,FALSE,Cooper,6,68.80599999999987
megansmith,756,6501.34,Employee,Fun!23,Megan,11/28/32,0,FALSE,Smith,6,50.97650000000061
codyscott,186,8381.28,Employee,Fun!23,Cody,12/3/32,0,TRUE,Scott,7,33.16634374999841
karlajohnson,172,10157.16,Employee,Fun!23,Karla,3/24/33,0,TRUE,Johnson,8,24.03037500000047
kirstenrobinson,115,5913.8,Employee,Fun!23,Kirsten,4/14/33,0,TRUE,Robinson,11,5.938343750000399
jasmincuevas,48,7429.13,Employee,Fun!23,Jasmin,7/14/33,0,FALSE,Cuevas,3,59.88249999999988
vincentharrison,962,4018.03,Employee,Fun!23,Vincent,7/14/33,0,FALSE,Harrison,10,96.37824999999992
michellemaynard,805,6112.53,Employee,Fun!23,Michelle,8/29/33,0,FALSE,Maynard,7,36.92599999999916
philipzamora,157,5486.51,Employee,Fun!23,Philip,9/16/33,0,TRUE,Zamora,8,14.787812500003056
miguellucero,58,8028.13,Employee,Fun!23,Miguel,11/18/33,0,FALSE,Lucero,9,22.706656250000037
karenthomas,259,3035.46,Employee,Fun!23,Karen,11/29/33,0,FALSE,Thomas,3,52.41250000000127
alexandercameron,333,3404,Employee,Fun!23,Alexander,12/1/33,0,FALSE,Cameron,6,32.93903124999986
davidthomas,266,13013.7,Employee,Fun!23,David,12/9/33,0,TRUE,Thomas,7,29.08974999999994
jessicaramirez,645,9289.84,Employee,Fun!23,Jessica,1/3/34,0,FALSE,Ramirez,6,11.628499999998922
paulharmon,861,5449.52,Employee,Fun!23,Paul,1/4/34,0,TRUE,Harmon,7,13.051874999999427
rachelhart,766,6826.08,Employee,Fun!23,Rachel,1/6/34,0,FALSE,Hart,10,25.363125000000082
gabrielhansen,497,11239.2,Employee,Fun!23,Gabriel,1/20/34,0,FALSE,Hansen,6,92.02937500000024
anthonysanchez,168,2506.31,Employee,Fun!23,Anthony,2/1/34,0,TRUE,Sanchez,7,66.83778124999975
angelawalker,544,8548.44,Employee,Fun!23,Angela,2/13/34,0,TRUE,Walker,4,48.63125000000028
jenniferevans,768,4154.89,Employee,Fun!23,Jennifer,2/25/34,0,TRUE,Evans,10,21.335749999999564
andrewhall,1002,3678.04,Employee,Fun!23,Andrew,5/18/34,0,TRUE,Hall,11,31.43862499999969
kimberlyjohnson,551,6140.38,Employee,Fun!23,Kimberly,5/26/34,0,FALSE,Johnson,6,92.54206249999822
goofydisney,4,12097.58,Customer,Fun!23,Goofy,6/10/34,0,FALSE,Disney,11,38.51962500000033
anthonykramer,907,12633.15,Employee,Fun!23,Anthony,6/28/34,0,TRUE,Kramer,14,57.831250000000594
lilodisney,35,2066.31,Customer,Fun!23,Lilo,8/9/34,0,TRUE,Disney,5,112.66050000000045
josesmith,815,4725.67,Employee,Fun!23,Jose,10/2/34,0,FALSE,Smith,5,57.918625000000205
michellerivera,781,5956.34,Employee,Fun!23,Michelle,11/20/34,0,TRUE,Rivera,16,7.039437500001782
laurawilliams,1008,7755.39,Employee,Fun!23,Laura,12/12/34,0,FALSE,Williams,5,86.40571874999979
lindabennett,171,3354.42,Employee,Fun!23,Linda,12/24/34,0,FALSE,Bennett,8,9.670000000000357
phillipmeyer,719,5872.68,Employee,Fun!23,Phillip,12/31/34,0,TRUE,Meyer,9,31.844218750000266
jonathanchristian,316,7970.58,Employee,Fun!23,Jonathan,1/11/35,0,FALSE,Christian,7,34.403718750000934
ronaldparker,137,2184.87,Employee,Fun!23,Ronald,1/20/35,0,TRUE,Parker,4,4.555593750000213
bradleyrodriguez,303,5049.16,Employee,Fun!23,Bradley,3/7/35,0,FALSE,Rodriguez,8,27.217374999999976
eduardoromero,74,11994.15,Employee,Fun!23,Eduardo,3/8/35,0,FALSE,Romero,1,76.41974999999911
stitchdisney,36,5494.19,Customer,Fun!23,Stitch,5/16/35,0,TRUE,Disney,8,56.24024999999989
ronaldkent,340,9539.65,Employee,Fun!23,Ronald,7/26/35,0,FALSE,Kent,10,12.632124999998823
colleensanchez,630,3656.58,Employee,Fun!23,Colleen,7/30/35,0,FALSE,Sanchez,10,52.9924687500004
matthewmason,893,12481.96,Employee,Fun!23,Matthew,11/12/35,0,TRUE,Mason,10,0.7326562499994509
christophercraig,577,7683.08,Employee,Fun!23,Christopher,1/30/36,0,TRUE,Craig,13,16.652624999997386
mickeymouse,1,11804.35,Customer,Fun!23,Mickey,2/29/36,0,TRUE,Mouse,4,43.57474999999968
jamesbrennan,596,8471.75,Employee,Fun!23,James,3/12/36,0,TRUE,Brennan,4,31.53899999999976
philliprichardson,935,2987.85,Employee,Fun!23,Phillip,3/12/36,0,TRUE,Richardson,6,89.85387500000007
richardblackwell,155,7027.2,Employee,Fun!23,Richard,6/9/36,0,FALSE,Blackwell,8,44.8135312499997
alexanderkelly,233,11075.77,Employee,Fun!23,Alexander,8/17/36,0,TRUE,Kelly,10,17.280187499999045
andrewparks,202,5658.25,Employee,Fun!23,Andrew,9/18/36,0,FALSE,Parks,6,57.64462499999998
kayleehale,529,10617.69,Employee,Fun!23,Kaylee,9/27/36,0,TRUE,Hale,8,80.05796874999996
ashleyfrye,947,5586.23,Employee,Fun!23,Ashley,2/21/37,0,FALSE,Frye,5,21.20449999999981
sherrivelasquez,536,14599.85,Employee,Fun!23,Sherri,3/7/37,0,FALSE,Velasquez,3,59.75512499999974
arieldisney,9,7988.21,Customer,Fun!23,Ariel,3/12/37,0,TRUE,Disney,12,1.295437499999366
catherinemann,761,9675.57,Employee,Fun!23,Catherine,3/12/37,0,TRUE,Mann,3,31.047624999998916
jennifermills,514,13864.12,Employee,Fun!23,Jennifer,3/28/37,0,FALSE,Mills,11,45.217718749997594
sabrinanguyen,779,6633.58,Employee,Fun!23,Sabrina,5/24/37,0,TRUE,Nguyen,16,23.996562499998277
edwardjackson,510,10463.89,Employee,Fun!23,Edward,6/13/37,0,FALSE,Jackson,4,40.32065624999939
andressoto,81,11826.04,Employee,Fun!23,Andres,9/13/37,0,TRUE,Soto,5,52.672124999999625
jerrycurtis,135,14223.45,Employee,Fun!23,Jerry,9/25/37,0,FALSE,Curtis,7,111.37837499999898
sharonmiller,201,9189.91,Employee,Fun!23,Sharon,10/25/37,0,TRUE,Miller,15,43.8687499999987
elizabethreyes,651,9885.2,Employee,Fun!23,Elizabeth,11/4/37,0,TRUE,Reyes,13,72.45637499999972
travismcdonald,111,7042.63,Employee,Fun!23,Travis,11/7/37,0,FALSE,Mcdonald,7,4.3507500000003745
nathancoleman,182,2763.09,Employee,Fun!23,Nathan,2/16/38,0,TRUE,Coleman,12,68.7036562500013
douglasrodriguez,116,10743.49,Employee,Fun!23,Douglas,3/27/38,0,FALSE,Rodriguez,9,89.39287500000017
christopherfoster,368,5425.87,Employee,Fun!23,Christopher,3/30/38,0,FALSE,Foster,11,0.4077812499982656
brianrojas,758,2479.03,Employee,Fun!23,Brian,5/26/38,0,FALSE,Rojas,8,22.64137499999984
tammythomas,1005,10198.99,Employee,Fun!23,Tammy,9/4/38,0,FALSE,Thomas,6,28.690000000000296
justinmartinez,420,9199.83,Employee,Fun!23,Justin,1/10/39,0,FALSE,Martinez,6,28.779500000000468
marygrant,928,3132.08,Employee,Fun!23,Mary,2/1/39,0,TRUE,Grant,5,2.9561874999992597
jasmineramirez,305,2140.93,Employee,Fun!23,Jasmine,4/30/39,0,TRUE,Ramirez,5,103.9315624999997
courtneytran,547,3855.17,Employee,Fun!23,Courtney,6/25/39,0,TRUE,Tran,8,55.94078124999875
crystalyoung,637,12253.07,Employee,Fun!23,Crystal,9/17/39,0,FALSE,Young,7,34.95909374999968
richardedwards,541,11254.25,Employee,Fun!23,Richard,9/25/39,0,FALSE,Edwards,6,16.103124999999054
heatherrobbins,597,9001.73,Employee,Fun!23,Heather,10/1/39,0,TRUE,Robbins,6,8.194124999999815
omarhoang,54,13435,Employee,Fun!23,Omar,10/10/39,0,TRUE,Hoang,10,10.660624999999335
shannonavery,230,3827.88,Employee,Fun!23,Shannon,10/28/39,0,TRUE,Avery,2,104.2283750000006
kathleensmall,322,12599.1,Employee,Fun!23,Kathleen,11/23/39,0,FALSE,Small,7,7.041968749999519
andrewgarcia,176,10764.7,Employee,Fun!23,Andrew,12/30/39,0,FALSE,Garcia,13,55.38903124999791
markwashington,884,8703.84,Employee,Fun!23,Mark,1/16/40,0,TRUE,Washington,8,15.896250000000009
kevingould,486,3226.91,Employee,Fun!23,Kevin,3/8/40,0,TRUE,Gould,12,19.19074999999836
chelseaporter,337,10973.59,Employee,Fun!23,Chelsea,4/3/40,0,FALSE,Porter,6,30.290874999999403
ashleyjones,243,3196.08,Employee,Fun!23,Ashley,4/4/40,0,FALSE,Jones,12,57.467281249999736
luisdel campo,49,9673.12,Employee,Fun!23,Luis,4/18/40,0,TRUE,Del Campo,5,91.0577500000002
kyliesummers,545,3230.59,Employee,Fun!23,Kylie,5/27/40,0,TRUE,Summers,7,6.381218749999661
carlosirwin,908,2197.15,Employee,Fun!23,Carlos,7/3/40,0,TRUE,Irwin,14,56.991437499997815
wendymontoya,870,7698.46,Employee,Fun!23,Wendy,8/1/40,0,TRUE,Montoya,3,56.99400000000047
alisonhicks,850,8886.9,Employee,Fun!23,Alison,9/2/40,0,TRUE,Hicks,12,121.51724999999976
brookepadilla,256,7853.75,Employee,Fun!23,Brooke,9/24/40,0,TRUE,Padilla,7,20.125624999999673
annadavis,685,10815,Employee,Fun!23,Anna,10/19/40,0,FALSE,Davis,4,11.287000000000035
wendycampos,515,4810.5,Employee,Fun!23,Wendy,11/8/40,0,TRUE,Campos,3,51.02271874999906
richardpaul,783,10962.7,Employee,Fun!23,Richard,11/22/40,0,FALSE,Paul,14,14.90975000000033
denisejohnson,937,12672.82,Employee,Fun!23,Denise,12/11/40,0,FALSE,Johnson,8,20.21875000000003
mikayladennis,1012,11562.54,Employee,Fun!23,Mikayla,1/19/41,0,TRUE,Dennis,8,0.004375000000266027
amyfuller,969,5689.63,Employee,Fun!23,Amy,3/16/41,0,TRUE,Fuller,8,3.8588749999998413
brandonsmith,445,4027.1,Employee,Fun!23,Brandon,4/1/41,0,FALSE,Smith,10,50.6518750000013
sherrymora,865,13137.66,Employee,Fun!23,Sherry,4/18/41,0,FALSE,Mora,11,44.91875000000053
brettmathis,946,4892.18,Employee,Fun!23,Brett,5/7/41,0,TRUE,Mathis,9,10.361312499998746
sandyblackwell,748,12326.19,Employee,Fun!23,Sandy,6/28/41,0,FALSE,Blackwell,4,38.011624999999015
melissaevans,905,11754.95,Employee,Fun!23,Melissa,7/4/41,0,TRUE,Evans,7,29.949625000000168
jerrygamble,740,13951.78,Employee,Fun!23,Jerry,7/22/41,0,FALSE,Gamble,5,29.65324999999973
josefarley,689,11595.8,Employee,Fun!23,Jose,7/25/41,0,TRUE,Farley,12,2.2167500000001894
donaldtran,639,6403.19,Employee,Fun!23,Donald,9/21/41,0,FALSE,Tran,13,31.491562499999297
carloslynch,1013,5442.93,Employee,Fun!23,Carlos,10/1/41,0,FALSE,Lynch,8,67.20265625000044
williamhunter,267,4879.44,Employee,Fun!23,William,11/7/41,0,FALSE,Hunter,7,25.913125000000313
chipdisney,6,3297.92,Customer,Fun!23,Chip,11/28/41,0,FALSE,Disney,10,45.56474999999871
lisagarrett,221,12976.79,Employee,Fun!23,Lisa,12/22/41,0,FALSE,Garrett,8,137.6960312500015
mitchellgross,952,13793.01,Employee,Fun!23,Mitchell,12/26/41,0,TRUE,Gross,8,30.75125000000031
andreariley,967,9725.48,Employee,Fun!23,Andrea,1/4/42,0,TRUE,Riley,3,39.53753125000023
santiagoolivas,64,8778.06,Employee,Fun!23,Santiago,5/11/42,0,TRUE,Olivas,8,4.203437499999211
michaelclarke,853,4051.73,Employee,Fun!23,Michael,5/14/42,0,TRUE,Clarke,6,62.391562499999566
amychase,542,13189.11,Employee,Fun!23,Amy,5/25/42,0,TRUE,Chase,8,18.665750000000003
christophercontreras,99,8645.25,Employee,Fun!23,Christopher,6/5/42,0,TRUE,Contreras,16,48.006093749998854
erinjones,794,14811.08,Employee,Fun!23,Erin,6/15/42,0,FALSE,Jones,5,25.528500000000633
gracekelley,531,10386.03,Employee,Fun!23,Grace,6/24/42,0,TRUE,Kelley,4,89.15437500000041
gustavorubio,75,3501.05,Employee,Fun!23,Gustavo,9/16/42,0,TRUE,Rubio,10,87.26700000000037
andrewmarshall,617,9037.77,Employee,Fun!23,Andrew,10/16/42,0,TRUE,Marshall,12,40.06534374999816
anitastein,405,3562.32,Employee,Fun!23,Anita,10/27/42,0,FALSE,Stein,18,34.48806249999841
benjaminjohnson,347,14010.07,Employee,Fun!23,Benjamin,11/8/42,0,TRUE,Johnson,5,41.84549999999966
roseburgess,647,10083.08,Employee,Fun!23,Rose,11/9/42,0,TRUE,Burgess,8,60.912000000000376
minniemouse,3,9915.93,Customer,Fun!23,Minnie,11/23/42,0,FALSE,Mouse,5,26.260624999999933
kaadisney,28,2519.67,Customer,Fun!23,Kaa,1/27/43,0,FALSE,Disney,4,68.8396562500005
jakemitchell,560,3299.31,Employee,Fun!23,Jake,4/5/43,0,TRUE,Mitchell,3,6.031124999999804
davidharvey,601,7051.27,Employee,Fun!23,David,6/15/43,0,FALSE,Harvey,6,103.51249999999919
louisboone,502,12178.86,Employee,Fun!23,Louis,7/1/43,0,TRUE,Boone,5,21.445843750000805
margaretsmith,520,10427.19,Employee,Fun!23,Margaret,7/7/43,0,FALSE,Smith,5,154.00162500000033
lisarobinson,539,6703.26,Employee,Fun!23,Lisa,9/8/43,0,TRUE,Robinson,4,95.14712500000007
christinadodson,695,7325.22,Employee,Fun!23,Christina,10/25/43,0,TRUE,Dodson,5,67.02462499999913
tracyfitzgerald,787,6291.76,Employee,Fun!23,Tracy,12/2/43,0,TRUE,Fitzgerald,6,137.83562500000028
cynthiapowell,588,13587.36,Employee,Fun!23,Cynthia,12/30/43,0,FALSE,Powell,6,57.897249999999985
beastdisney,20,12315.72,Customer,Fun!23,Beast,1/18/44,0,TRUE,Disney,14,38.79387499999825
christopherrobinson,663,14092.27,Employee,Fun!23,Christopher,2/3/44,0,FALSE,Robinson,13,96.21584374999995
sethrodriguez,71,5238.47,Employee,Fun!23,Seth,2/22/44,0,TRUE,Rodriguez,9,23.514156250000212
carolelliott,939,6270.47,Employee,Fun!23,Carol,3/8/44,0,FALSE,Elliott,7,48.72540624999982
patriciaglenn,345,6885.43,Employee,Fun!23,Patricia,3/29/44,0,FALSE,Glenn,6,122.51175000000075
andrewcampos,237,4620.23,Employee,Fun!23,Andrew,4/13/44,0,FALSE,Campos,3,0.42484374999867214
thomasking,169,11349.5,Employee,Fun!23,Thomas,4/19/44,0,FALSE,King,7,43.41571875000102
aliciajenkins,385,9249.59,Employee,Fun!23,Alicia,5/7/44,0,TRUE,Jenkins,12,134.66424999999956
juliealexander,167,12675.06,Employee,Fun!23,Julie,9/1/44,0,FALSE,Alexander,12,132.8258750000002
gabrielterrazas,82,5391.29,Employee,Fun!23,Gabriel,9/17/44,0,TRUE,Terrazas,7,24.880000000000052
jeffreygonzalez,374,4406,Employee,Fun!23,Jeffrey,9/28/44,0,FALSE,Gonzalez,11,21.58662499999957
amyrodriguez,477,14809.01,Employee,Fun!23,Amy,10/9/44,0,TRUE,Rodriguez,6,26.17290624999856
donaldhaynes,352,3410.06,Employee,Fun!23,Donald,11/22/44,0,TRUE,Haynes,7,26.32550000000026
gregorysullivan,281,12607.08,Employee,Fun!23,Gregory,2/6/45,0,TRUE,Sullivan,4,45.757624999999734
normanfreeman,391,6908.08,Employee,Fun!23,Norman,5/6/45,0,TRUE,Freeman,14,159.77537500000022
julieshaw,829,2800.76,Employee,Fun!23,Julie,5/23/45,0,TRUE,Shaw,7,4.304937500000591
meganthompson,809,4921.07,Employee,Fun!23,Megan,6/15/45,0,FALSE,Thompson,6,40.51574999999932
samuelburton,978,14345.78,Employee,Fun!23,Samuel,6/19/45,0,TRUE,Burton,4,44.877249999999606
brandonmiller,862,3216.35,Employee,Fun!23,Brandon,9/16/45,0,FALSE,Miller,6,14.684999999999178
johnhansen,974,8242.49,Employee,Fun!23,John,10/25/45,0,FALSE,Hansen,7,16.467500000000115
mariayoung,819,9629.11,Employee,Fun!23,Maria,12/24/45,0,TRUE,Young,6,89.317125
mistyhorton,367,2633.71,Employee,Fun!23,Misty,1/31/46,0,FALSE,Horton,9,15.824875000001555
jessemontgomery,238,8062.04,Employee,Fun!23,Jesse,2/7/46,0,FALSE,Montgomery,8,24.88034374999978
jorgehuerta,889,3028.5,Employee,Fun!23,Jorge,2/13/46,0,TRUE,Huerta,6,26.569937500000663
marthaperry,555,12269.4,Employee,Fun!23,Martha,3/9/46,0,FALSE,Perry,13,68.26943749999987
thomassanders,707,3070.6,Employee,Fun!23,Thomas,4/21/46,0,FALSE,Sanders,4,0.6593750000000114
brandigordon,483,6455.42,Employee,Fun!23,Brandi,5/11/46,0,FALSE,Gordon,12,36.59250000000017
teresagardner,658,6491.03,Employee,Fun!23,Teresa,6/19/46,0,TRUE,Gardner,11,37.55659375000134
charleschambers,1011,2464.51,Employee,Fun!23,Charles,7/15/46,0,FALSE,Chambers,9,8.392218749999955
kylieking,938,7861.32,Employee,Fun!23,Kylie,9/10/46,0,FALSE,King,9,64.5447812499996
ryanbowman,548,9568.99,Employee,Fun!23,Ryan,12/27/46,0,FALSE,Bowman,7,15.129249999999558
kaylamorgan,455,10200.38,Employee,Fun!23,Kayla,12/29/46,0,TRUE,Morgan,10,19.597312499999745
michellewalsh,624,2144.52,Employee,Fun!23,Michelle,3/30/47,0,TRUE,Walsh,8,104.71637499999954
sandrarogers,174,6226.71,Employee,Fun!23,Sandra,3/31/47,0,TRUE,Rogers,7,76.9019374999996
adambass,418,11646.04,Employee,Fun!23,Adam,4/6/47,0,TRUE,Bass,12,4.119125000002327
michaelsantoyo,79,10891.1,Employee,Fun!23,Michael,4/28/47,0,TRUE,Santoyo,5,6.925250000000062
dianarivera,995,9157.16,Employee,Fun!23,Diana,6/5/47,0,TRUE,Rivera,6,79.06215624999926
melaniekirk,158,12829.96,Employee,Fun!23,Melanie,6/16/47,0,TRUE,Kirk,11,47.99424999999974
nathanthompson,727,3671.34,Employee,Fun!23,Nathan,7/17/47,0,TRUE,Thompson,5,114.12962499999986
chasemiller,217,8856.32,Employee,Fun!23,Chase,8/1/47,0,FALSE,Miller,10,42.41587500000011
oliviarichardson,894,14330.67,Employee,Fun!23,Olivia,9/24/47,0,FALSE,Richardson,7,3.6985937499999864
sarawest,982,9421.82,Employee,Fun!23,Sara,10/20/47,0,FALSE,West,4,100.53325000000018
seanroberts,119,11799.83,Employee,Fun!23,Sean,12/14/47,0,FALSE,Roberts,8,129.65037499999994
johnmorris,429,6172.18,Employee,Fun!23,John,2/20/48,0,FALSE,Morris,10,24.18412500000113
alyssakelly,792,3975.91,Employee,Fun!23,Alyssa,3/13/48,0,FALSE,Kelly,4,83.57812500000088
zacharycampbell,989,12281.4,Employee,Fun!23,Zachary,4/9/48,0,FALSE,Campbell,6,63.66049999999956
robertwang,950,10716.66,Employee,Fun!23,Robert,4/20/48,0,TRUE,Wang,3,38.46562499999945
christinacarter,903,10926.94,Employee,Fun!23,Christina,7/31/48,0,FALSE,Carter,9,99.13800000000026
davidclark,898,3508.89,Employee,Fun!23,David,9/9/48,0,TRUE,Clark,7,43.424687499999834
feliciacarlson,821,9257.03,Employee,Fun!23,Felicia,10/3/48,0,TRUE,Carlson,2,17.866937500000404
michaelmurray,442,4970.24,Employee,Fun!23,Michael,11/12/48,0,FALSE,Murray,10,40.912375000000026
luissanchez,78,4409.29,Employee,Fun!23,Luis,12/4/48,0,TRUE,Sanchez,10,32.402249999999896
michaelking,614,4951.18,Employee,Fun!23,Michael,12/12/48,0,TRUE,King,4,52.22062499999873
daniellegardner,575,14771.19,Employee,Fun!23,Danielle,1/18/49,0,FALSE,Gardner,5,12.437125000000151
tanyajohnson,808,4147.49,Employee,Fun!23,Tanya,2/7/49,0,TRUE,Johnson,8,55.76674999999898
timothybernard,694,4105.95,Employee,Fun!23,Timothy,3/10/49,0,TRUE,Bernard,4,52.68524999999951
georgeproctor,803,3938.51,Employee,Fun!23,George,3/25/49,0,FALSE,Proctor,8,10.910500000001406
kendrasawyer,1039,6333.7,Employee,Fun!23,Kendra,4/21/49,0,FALSE,Sawyer,10,14.59687499999984
richardtorres,145,7868.78,Employee,Fun!23,Richard,5/15/49,0,TRUE,Torres,4,83.86334375000001
amymorse,896,13302.36,Employee,Fun!23,Amy,7/6/49,0,TRUE,Morse,5,22.504999999999683
rebeccanguyen,684,5194.26,Employee,Fun!23,Rebecca,8/11/49,0,FALSE,Nguyen,6,78.25325000000055
hollyschneider,648,11191.15,Employee,Fun!23,Holly,8/23/49,0,TRUE,Schneider,3,37.955124999999214
theresaobrien,108,3548.38,Employee,Fun!23,Theresa,8/28/49,0,FALSE,Obrien,3,37.41137500000002
alexwatson,90,14963.88,Employee,Fun!23,Alex,9/14/49,0,TRUE,Watson,4,40.16725000000042
christinajones,592,4331.26,Employee,Fun!23,Christina,9/14/49,0,FALSE,Jones,11,19.009874999998786
allisoncross,404,6486.71,Employee,Fun!23,Allison,10/14/49,0,TRUE,Cross,5,20.444843749999563
ambernguyen,609,12581.19,Employee,Fun!23,Amber,10/31/49,0,FALSE,Nguyen,6,53.72315624999965
terrimendez,411,8787.78,Employee,Fun!23,Terri,11/19/49,0,FALSE,Mendez,9,44.26409375000061
jennifercarr,759,3032.48,Employee,Fun!23,Jennifer,7/1/50,0,FALSE,Carr,4,58.94337500000029
alyssareese,471,2430.06,Employee,Fun!23,Alyssa,7/15/50,0,FALSE,Reese,5,90.94884374999961
johnwhite,414,8209.75,Employee,Fun!23,John,7/26/50,0,TRUE,White,13,39.349250000000694
daledisney,7,4979.19,Customer,Fun!23,Dale,10/8/50,0,FALSE,Disney,12,76.0649062500006
kellyharris,552,4729.99,Employee,Fun!23,Kelly,11/25/50,0,TRUE,Harris,7,51.141124999998425
mariahblack,981,14285.82,Employee,Fun!23,Mariah,12/18/50,0,TRUE,Black,4,73.27006250000022
megannoble,126,9833.89,Employee,Fun!23,Megan,12/27/50,0,FALSE,Noble,7,6.503750000000792
kathrynperez,220,2396.81,Employee,Fun!23,Kathryn,2/13/51,0,TRUE,Perez,7,27.30074999999995
jerryhampton,452,9574.95,Employee,Fun!23,Jerry,3/1/51,0,TRUE,Hampton,6,55.8223749999986
gregorycarr,443,4397.62,Employee,Fun!23,Gregory,4/20/51,0,FALSE,Carr,5,18.510062500000117
michaelsanchez,107,13717.09,Employee,Fun!23,Michael,4/23/51,0,TRUE,Sanchez,18,23.76824999999952
jamessimpson,825,3662.13,Employee,Fun!23,James,5/17/51,0,FALSE,Simpson,4,15.48424999999952
kaylasmith,632,8433.97,Employee,Fun!23,Kayla,5/28/51,0,TRUE,Smith,10,79.37331250000068
mirandamason,711,12638.55,Employee,Fun!23,Miranda,6/25/51,0,FALSE,Mason,11,40.28393749999875
michaelamiranda,508,6873.02,Employee,Fun!23,Michaela,7/24/51,0,FALSE,Miranda,15,29.10484375000175
victorlopez,56,14144.58,Employee,Fun!23,Victor,8/31/51,0,TRUE,Lopez,12,75.00600000000003
donaldramirez,976,3077.18,Employee,Fun!23,Donald,10/14/51,0,FALSE,Ramirez,3,116.85512500000084
stephanieharris,154,13432.78,Employee,Fun!23,Stephanie,12/3/51,0,FALSE,Harris,11,42.83721875000046
jeffreywalls,89,13145.35,Employee,Fun!23,Jeffrey,2/3/52,0,FALSE,Walls,14,82.30128125000095
davidsoto,408,6559.06,Employee,Fun!23,David,2/9/52,0,FALSE,Soto,4,67.16596874999854
bryanmassey,1022,9806.83,Employee,Fun!23,Bryan,5/17/52,0,FALSE,Massey,4,5.5275000000006
travisruiz,378,6827.24,Employee,Fun!23,Travis,6/24/52,0,FALSE,Ruiz,5,100.16375000000004
taylorjohnson,1034,12086.35,Employee,Fun!23,Taylor,6/29/52,0,TRUE,Johnson,14,48.343750000000625
rickythompson,341,8710.22,Employee,Fun!23,Ricky,7/28/52,0,TRUE,Thompson,13,31.557374999998046
brianlopez,473,13823.37,Employee,Fun!23,Brian,8/6/52,0,TRUE,Lopez,8,66.39549999999727
brianjacobson,320,10775.93,Employee,Fun!23,Brian,8/23/52,0,FALSE,Jacobson,6,50.58034375000045
donaldvillanueva,920,6021.49,Employee,Fun!23,Donald,9/1/52,0,FALSE,Villanueva,11,9.855843749997163
derrickgrant,151,9508,Employee,Fun!23,Derrick,9/9/52,0,FALSE,Grant,4,62.76962499999965
alexanderwilson,851,5644.08,Employee,Fun!23,Alexander,11/16/52,0,TRUE,Wilson,7,27.16840624999969
nicolehart,751,9882.8,Employee,Fun!23,Nicole,1/4/53,0,TRUE,Hart,5,79.44012499999974
ashleywilcox,403,7398.84,Employee,Fun!23,Ashley,1/15/53,0,FALSE,Wilcox,10,64.04856250000091
williamrice,765,12322.07,Employee,Fun!23,William,1/20/53,0,FALSE,Rice,6,1.4519062500003486
denisseloyavillalobos,57,10523.1,Employee,Fun!23,Denisse,1/29/53,0,TRUE,LoyaVillalobos,4,104.00075000000078
marychurch,280,8012.52,Employee,Fun!23,Mary,1/31/53,0,TRUE,Church,5,8.19503124999963
amandashepherd,332,11419.31,Employee,Fun!23,Amanda,2/3/53,0,TRUE,Shepherd,7,14.844999999999459
jenniferjones,817,7039.18,Employee,Fun!23,Jennifer,3/20/53,0,FALSE,Jones,7,22.97112500000037
jamiehernandez,578,9111.15,Employee,Fun!23,Jamie,4/1/53,0,TRUE,Hernandez,8,120.46009374999977
devindiaz,392,5126,Employee,Fun!23,Devin,4/4/53,0,TRUE,Diaz,9,4.120500000000362
kevinboone,742,3620.32,Employee,Fun!23,Kevin,4/27/53,0,FALSE,Boone,5,46.64846874999972
barbararobertson,253,8988,Employee,Fun!23,Barbara,5/29/53,0,TRUE,Robertson,5,24.38565624999947
ashleymorales,961,8711.61,Employee,Fun!23,Ashley,7/29/53,0,TRUE,Morales,11,34.05662499999952
antonioedwards,605,3263.32,Employee,Fun!23,Antonio,8/5/53,0,FALSE,Edwards,7,11.98187500000006
henrysalazar,741,11642.02,Employee,Fun!23,Henry,9/12/53,0,FALSE,Salazar,11,2.5662187500013545
sarahtaylor,929,7575.86,Employee,Fun!23,Sarah,2/2/54,0,FALSE,Taylor,13,4.399624999999276
jasonwolfe,328,12597.39,Employee,Fun!23,Jason,2/7/54,0,TRUE,Wolfe,5,19.95496875000056
tomperez,91,2368.65,Employee,Fun!23,Tom,4/2/54,0,TRUE,Perez,7,17.215499999999935
jacquelinedunn,285,14143.63,Employee,Fun!23,Jacqueline,6/15/54,0,FALSE,Dunn,5,1.960875000000101
jessicafernandez,400,7891,Employee,Fun!23,Jessica,7/30/54,0,TRUE,Fernandez,8,108.3918749999998
thomasstevenson,1019,2225.34,Employee,Fun!23,Thomas,9/8/54,0,TRUE,Stevenson,4,25.922750000000548
kimberlymejia,999,3653.25,Employee,Fun!23,Kimberly,9/19/54,0,TRUE,Mejia,6,30.938749999999104
ryansullivan,550,7008.8,Employee,Fun!23,Ryan,9/24/54,0,TRUE,Sullivan,5,11.555062500000275
rebeccafisher,750,6843.56,Employee,Fun!23,Rebecca,10/5/54,0,FALSE,Fisher,9,47.72274999999814
josephbrooks,389,10133.96,Employee,Fun!23,Joseph,10/17/54,0,FALSE,Brooks,8,53.22212499999992
edwardjohnson,366,11240.43,Employee,Fun!23,Edward,11/3/54,0,TRUE,Johnson,5,36.36987499999904
christopherraymond,467,10584.11,Employee,Fun!23,Christopher,2/17/55,0,FALSE,Raymond,10,46.93349999999833
jamiebrown,997,14693.66,Employee,Fun!23,Jamie,4/21/55,0,FALSE,Brown,13,44.09000000000067
stacymaldonado,987,5423.13,Employee,Fun!23,Stacy,4/30/55,0,TRUE,Maldonado,6,45.64912499999741
kristabeck,968,8127.69,Employee,Fun!23,Krista,6/29/55,0,FALSE,Beck,8,5.4049062500006855
jamessimmons,965,2516.31,Employee,Fun!23,James,7/1/55,0,TRUE,Simmons,11,19.241625000000226
jorgerodriguezortega,72,9034.81,Employee,Fun!23,Jorge,7/8/55,0,TRUE,RodriguezOrtega,16,29.210000000002424
jenniferschultz,672,13183.17,Employee,Fun!23,Jennifer,7/10/55,0,FALSE,Schultz,6,50.77049999999994
trevoryoung,457,13180.97,Employee,Fun!23,Trevor,7/25/55,0,TRUE,Young,16,13.954625000000078
stephenellis,122,11722.96,Employee,Fun!23,Stephen,8/8/55,0,TRUE,Ellis,3,38.46012499999978
victoriawhite,838,12747.56,Employee,Fun!23,Victoria,8/24/55,0,TRUE,White,12,10.468843749999309
alexandracook,959,13799.16,Employee,Fun!23,Alexandra,9/19/55,0,FALSE,Cook,11,87.17290624999875
douglasbryant,734,6099.5,Employee,Fun!23,Douglas,9/30/55,0,FALSE,Bryant,10,84.38793750000002
dakotaharper,554,7887.54,Employee,Fun!23,Dakota,12/18/55,0,FALSE,Harper,8,37.16187499999933
markgonzalez,863,7640.06,Employee,Fun!23,Mark,2/11/56,0,TRUE,Gonzalez,3,40.55493749999968
marystevens,379,12369.3,Employee,Fun!23,Mary,2/24/56,0,TRUE,Stevens,7,36.38850000000062
anthonycarson,625,10499.96,Employee,Fun!23,Anthony,3/28/56,0,TRUE,Carson,7,10.277281249998452
sonamtshering,83,12076.64,Employee,Fun!23,Sonam,4/9/56,0,FALSE,Tshering,13,52.33806249999961
brandywilkerson,769,5277.62,Employee,Fun!23,Brandy,4/24/56,0,TRUE,Wilkerson,3,24.581750000000113
jennachase,534,9043.32,Employee,Fun!23,Jenna,5/5/56,0,TRUE,Chase,6,36.417468750000694
jennifercopeland,448,5513.67,Employee,Fun!23,Jennifer,6/26/56,0,TRUE,Copeland,9,68.29237500000005
matthewgonzalez,646,14624.83,Employee,Fun!23,Matthew,6/30/56,0,TRUE,Gonzalez,7,8.479999999998654
robinwilson,847,3347.76,Employee,Fun!23,Robin,7/7/56,0,TRUE,Wilson,5,19.573499999999967
alexisblack,772,13249.79,Employee,Fun!23,Alexis,7/27/56,0,TRUE,Black,5,79.26537500000057
brianandrews,125,13599.67,Employee,Fun!23,Brian,10/15/56,0,TRUE,Andrews,8,76.61862499999906
jeffreyrodriguez,755,11005.27,Employee,Fun!23,Jeffrey,11/30/56,0,TRUE,Rodriguez,4,31.57000000000005
christopherfields,640,10496.05,Employee,Fun!23,Christopher,12/2/56,0,TRUE,Fields,12,13.586500000000342
shirleyfoster,209,7363.18,Employee,Fun!23,Shirley,12/7/56,0,TRUE,Foster,5,48.980500000000006
jennifersmith,600,2991.97,Employee,Fun!23,Jennifer,12/15/56,0,TRUE,Smith,4,7.352906249999592
melissaholt,1007,11119.64,Employee,Fun!23,Melissa,1/1/57,0,FALSE,Holt,9,6.572937500000052
michellesexton,454,7701.72,Employee,Fun!23,Michelle,3/5/57,0,TRUE,Sexton,10,115.89343749999824
timothyjones,714,3251.97,Employee,Fun!23,Timothy,4/21/57,0,TRUE,Jones,9,43.110625000000454
jeffreysloan,343,7623.11,Employee,Fun!23,Jeffrey,4/24/57,0,FALSE,Sloan,5,13.578750000000142
marklamb,426,9031.31,Employee,Fun!23,Mark,4/28/57,0,TRUE,Lamb,5,10.995031250000409
michellejones,269,4495.34,Employee,Fun!23,Michelle,5/4/57,0,TRUE,Jones,12,20.919625000000536
lindarobles,608,8189.07,Employee,Fun!23,Linda,7/2/57,0,FALSE,Robles,6,21.28337499999907
jodysanchez,866,2717.79,Employee,Fun!23,Jody,8/11/57,0,TRUE,Sanchez,10,19.06150000000025
stephaniemcdonald,97,12824.46,Employee,Fun!23,Stephanie,8/26/57,0,TRUE,Mcdonald,10,27.36037499999975
bethsharp,635,8616.5,Employee,Fun!23,Beth,9/3/57,0,FALSE,Sharp,1,75.9528750000004
teresataylor,789,7852.52,Employee,Fun!23,Teresa,10/7/57,0,FALSE,Taylor,10,35.52424999999744
darinbaker,599,8600.51,Employee,Fun!23,Darin,12/7/57,0,FALSE,Baker,6,35.79743749999963
evilqueen,29,14810.91,Customer,Fun!23,Evil,1/1/58,0,TRUE,Queen,5,9.699999999999363
kristablake,428,12841.6,Employee,Fun!23,Krista,1/20/58,0,TRUE,Blake,10,9.630374999999901
dylanlopez,568,8503.64,Employee,Fun!23,Dylan,2/14/58,0,FALSE,Lopez,6,19.407843750000268
kristinesmith,857,6279.68,Employee,Fun!23,Kristine,3/12/58,0,FALSE,Smith,9,63.61612500000052
suzannekennedy,945,5400.21,Employee,Fun!23,Suzanne,7/4/58,0,FALSE,Kennedy,5,68.08849999999984
jonlopez,447,10912.84,Employee,Fun!23,Jon,8/8/58,0,TRUE,Lopez,12,35.815093749998454
markstewart,795,4651.9,Employee,Fun!23,Mark,12/8/58,0,TRUE,Stewart,4,34.897999999999854
ricardorodriguez,407,12041.16,Employee,Fun!23,Ricardo,3/8/59,0,TRUE,Rodriguez,11,35.83309374999686
kristyhoover,291,6408.05,Employee,Fun!23,Kristy,4/1/59,0,FALSE,Hoover,8,3.946781250000541
nicholascopeland,643,4915.5,Employee,Fun!23,Nicholas,7/1/59,0,TRUE,Copeland,6,66.7136249999994
brandyvalenzuela,546,7637.01,Employee,Fun!23,Brandy,9/26/59,0,FALSE,Valenzuela,5,36.17118750000061
matthewkhan,924,11254.68,Employee,Fun!23,Matthew,11/3/59,0,FALSE,Khan,4,53.58124999999984
mindyross,873,3762.91,Employee,Fun!23,Mindy,12/6/59,0,TRUE,Ross,6,21.47196874999976
franciscomoore,321,3653.18,Employee,Fun!23,Francisco,12/31/59,0,FALSE,Moore,9,94.59700000000066
brittanynielsen,498,9452.38,Employee,Fun!23,Brittany,1/7/60,0,FALSE,Nielsen,7,55.210999999999046
matthewporter,494,8456.75,Employee,Fun!23,Matthew,2/2/60,0,TRUE,Porter,7,75.48184375000073
wendyphillips,1031,10698.49,Employee,Fun!23,Wendy,2/23/60,0,FALSE,Phillips,6,26.108093749999966
dianagarcia,41,5349.72,Employee,Fun!23,Diana,2/27/60,0,FALSE,Garcia,10,74.862562499999
samanthamay,235,6956.5,Employee,Fun!23,Samantha,4/3/60,0,TRUE,May,3,27.964875000000745
kevintran,843,14182.93,Employee,Fun!23,Kevin,5/13/60,0,FALSE,Tran,5,64.53640624999755
brianhayes,344,14549.8,Employee,Fun!23,Brian,7/19/60,0,FALSE,Hayes,10,55.72287499999983
anthonysims,396,13709.46,Employee,Fun!23,Anthony,8/26/60,0,FALSE,Sims,7,51.61403125000065
kevinswanson,363,9618.43,Employee,Fun!23,Kevin,9/13/60,0,TRUE,Swanson,2,30.2049999999997
maryanderson,966,3908.45,Employee,Fun!23,Mary,10/17/60,0,FALSE,Anderson,7,45.483812500000894
jonathanmartinez,807,11563.53,Employee,Fun!23,Jonathan,11/7/60,0,TRUE,Martinez,4,17.613687500000538
ryanwashington,956,4965.37,Employee,Fun!23,Ryan,11/29/60,0,TRUE,Washington,6,11.117499999999552
elizabethalvarez,384,8077.6,Employee,Fun!23,Elizabeth,2/2/61,0,FALSE,Alvarez,13,8.195781249998177
michaelrobinson,493,13337.68,Employee,Fun!23,Michael,3/4/61,0,FALSE,Robinson,5,21.882999999999868
michelleramirez,591,4321.48,Employee,Fun!23,Michelle,4/16/61,0,TRUE,Ramirez,5,62.023250000000786
johndavis,708,10715.07,Employee,Fun!23,John,5/3/61,0,FALSE,Davis,13,2.0927499999986594
hollydavidson,800,10461.2,Employee,Fun!23,Holly,5/16/61,0,FALSE,Davidson,13,37.565999999998496
chrisking,286,4908.84,Employee,Fun!23,Chris,5/20/61,0,FALSE,King,5,83.06787499999996
michealsanders,798,3891.93,Employee,Fun!23,Micheal,7/11/61,0,FALSE,Sanders,8,130.16531249999926
stevencabrera,441,9997.12,Employee,Fun!23,Steven,8/20/61,0,FALSE,Cabrera,14,43.9419062499999
stephanieperry,977,7010.95,Employee,Fun!23,Stephanie,8/22/61,0,FALSE,Perry,6,39.252718749999964
laurenneal,162,7252.78,Employee,Fun!23,Lauren,9/9/61,0,FALSE,Neal,9,66.77953124999945
kimbuckley,196,5423.56,Employee,Fun!23,Kim,9/16/61,0,TRUE,Buckley,5,12.086812500000576
lorijohnson,775,13259.01,Employee,Fun!23,Lori,10/21/61,0,FALSE,Johnson,10,3.505499999999614
jessicaanderson,491,6078.68,Employee,Fun!23,Jessica,11/6/61,0,FALSE,Anderson,8,9.212687500000385
mercedesnichols,634,14562.07,Employee,Fun!23,Mercedes,11/17/61,0,TRUE,Nichols,13,33.13646874999816
anaandrade,941,3907.86,Employee,Fun!23,Ana,11/28/61,0,FALSE,Andrade,9,58.5711562499991
lindamiller,844,6898.47,Employee,Fun!23,Linda,11/29/61,0,FALSE,Miller,8,8.676875000000408
randykeller,424,4054.3,Employee,Fun!23,Randy,2/1/62,0,TRUE,Keller,9,98.29662499999912
tamialexander,294,6753.99,Employee,Fun!23,Tami,2/13/62,0,FALSE,Alexander,10,88.56146874999985
auroradisney,14,13901.06,Customer,Fun!23,Aurora,7/18/62,0,TRUE,Disney,7,117.58562500000028
heidibarker,355,6350.22,Employee,Fun!23,Heidi,8/28/62,0,TRUE,Barker,5,94.74943749999966
jeffray,590,3915.05,Employee,Fun!23,Jeff,9/4/62,0,TRUE,Ray,5,30.952624999999557
joshuameadows,382,6152.46,Employee,Fun!23,Joshua,9/21/62,0,TRUE,Meadows,7,7.983250000000112
joseevans,490,5219.77,Employee,Fun!23,Jose,10/2/62,0,TRUE,Evans,7,67.17712499999914
patriciamcdonald,786,11368.29,Employee,Fun!23,Patricia,11/9/62,0,FALSE,Mcdonald,5,16.12896875000014
danielhampton,134,7575.12,Employee,Fun!23,Daniel,11/16/62,0,FALSE,Hampton,9,30.61587499999935
jessicamoore,249,4823.37,Employee,Fun!23,Jessica,2/9/63,0,TRUE,Moore,9,9.975343750001684
garysmith,706,4740.44,Employee,Fun!23,Gary,2/23/63,0,FALSE,Smith,7,10.349624999999989
paulsalas,992,4876.83,Employee,Fun!23,Paul,4/22/63,0,FALSE,Salas,9,20.214374999999677
jacobnorton,845,12247.69,Employee,Fun!23,Jacob,5/1/63,0,TRUE,Norton,11,10.39700000000007
robertdavis,275,10762.35,Employee,Fun!23,Robert,8/25/63,0,TRUE,Davis,4,18.200374999999966
monicadavenport,127,6447.5,Employee,Fun!23,Monica,11/7/63,0,TRUE,Davenport,11,31.476624999998705
philipholt,849,12189.3,Employee,Fun!23,Philip,1/10/64,0,FALSE,Holt,8,28.02950000000004
christophernorris,117,10253.57,Employee,Fun!23,Christopher,1/18/64,0,FALSE,Norris,2,164.03253124999958
marychapman,512,4434.1,Employee,Fun!23,Mary,2/5/64,0,TRUE,Chapman,7,43.67765625000018
christineellis,691,8707.5,Employee,Fun!23,Christine,2/8/64,0,FALSE,Ellis,4,87.53324999999904
timothyjohnson,791,3934.51,Employee,Fun!23,Timothy,2/28/64,0,FALSE,Johnson,13,63.26574999999795
toddbrooks,144,9642.58,Employee,Fun!23,Todd,7/1/64,0,FALSE,Brooks,15,6.321937499999365
richardbrown,180,2248,Employee,Fun!23,Richard,8/11/64,0,TRUE,Brown,6,12.449312499999223
emilychang,901,2295.56,Employee,Fun!23,Emily,12/10/64,0,TRUE,Chang,11,81.23949999999826
jameswatson,916,4578.94,Employee,Fun!23,James,1/27/65,0,TRUE,Watson,7,5.635874999999118
nicholassmith,854,6018.09,Employee,Fun!23,Nicholas,2/20/65,0,FALSE,Smith,12,47.486500000001485
kennethhouse,869,4343.65,Employee,Fun!23,Kenneth,2/28/65,0,FALSE,House,4,14.754625000000289
crystalwalker,118,2827.19,Employee,Fun!23,Crystal,3/18/65,0,FALSE,Walker,6,25.182437500000106
carriebennett,369,7339.59,Employee,Fun!23,Carrie,3/26/65,0,TRUE,Bennett,5,148.65290624999952
amyhall,955,7397.78,Employee,Fun!23,Amy,7/21/65,0,FALSE,Hall,3,64.57362499999982
josephfritz,824,10872.34,Employee,Fun!23,Joseph,7/26/65,0,FALSE,Fritz,7,82.7939062499987
darrelljones,953,14469.16,Employee,Fun!23,Darrell,9/4/65,0,FALSE,Jones,12,72.78121875000035
brittneydaniel,749,7337,Employee,Fun!23,Brittney,9/9/65,0,TRUE,Daniel,6,3.075874999999229
michelecummings,387,11992.33,Employee,Fun!23,Michele,1/6/66,0,TRUE,Cummings,5,33.07024999999979
kathysmith,788,3542.04,Employee,Fun!23,Kathy,1/9/66,0,FALSE,Smith,8,64.22965624999988
brittanyrichard,668,8026.48,Employee,Fun!23,Brittany,1/15/66,0,FALSE,Richard,4,80.09699999999997
christopherjones,358,9940.18,Employee,Fun!23,Christopher,1/21/66,0,TRUE,Jones,8,52.35199999999924
shanemiller,131,5816.67,Employee,Fun!23,Shane,3/3/66,0,TRUE,Miller,6,89.74562500000002
anthonydalton,461,9117.25,Employee,Fun!23,Anthony,3/28/66,0,TRUE,Dalton,7,133.242874999999
lindsaywebster,323,7364.79,Employee,Fun!23,Lindsay,4/3/66,0,TRUE,Webster,9,13.64356249999895
sarafox,762,7106.08,Employee,Fun!23,Sara,5/27/66,0,TRUE,Fox,12,22.968406249999248
michaelwilliams,277,13199.08,Employee,Fun!23,Michael,7/14/66,0,FALSE,Williams,12,18.970156250000088
barbarajones,470,14547.6,Employee,Fun!23,Barbara,7/14/66,0,TRUE,Jones,10,14.646124999999756
jameshammond,191,6120.89,Employee,Fun!23,James,7/26/66,0,FALSE,Hammond,7,22.944281249999896
juliajones,671,4217.61,Employee,Fun!23,Julia,8/4/66,0,TRUE,Jones,8,8.11662499999926
aladdindisney,11,4182.53,Customer,Fun!23,Aladdin,11/3/66,0,TRUE,Disney,8,43.652249999999526
davidsummers,757,4185.87,Employee,Fun!23,David,12/4/66,0,TRUE,Summers,6,8.913718750000228
daniellucio,59,7520.47,Employee,Fun!23,Daniel,2/26/67,0,TRUE,Lucio,5,89.50124999999969
alyssasmith,593,13761.12,Employee,Fun!23,Alyssa,3/1/67,0,FALSE,Smith,2,6.3019062499999166
arianalara,226,3736.63,Employee,Fun!23,Ariana,4/2/67,0,TRUE,Lara,10,23.381249999999213
kellywilson,910,6831.67,Employee,Fun!23,Kelly,5/20/67,0,TRUE,Wilson,7,124.40643749999964
robinwatson,526,11888.88,Employee,Fun!23,Robin,6/5/67,0,TRUE,Watson,6,81.27662500000024
kristalambert,642,4552.75,Employee,Fun!23,Krista,6/7/67,0,TRUE,Lambert,6,33.67093750000009
paulawyatt,130,12971.84,Employee,Fun!23,Paula,6/29/67,0,TRUE,Wyatt,2,17.693624999999884
garypark,836,5535.53,Employee,Fun!23,Gary,3/3/68,0,TRUE,Park,4,23.370749999999816
rhondakane,373,14705.53,Employee,Fun!23,Rhonda,3/12/68,0,TRUE,Kane,8,10.007000000001426
davidcox,650,14109.04,Employee,Fun!23,David,6/2/68,0,FALSE,Cox,8,6.674937500000254
mariamccarthy,228,7747.23,Employee,Fun!23,Maria,6/3/68,0,FALSE,Mccarthy,5,13.324874999999764
brendadouglas,317,8860.32,Employee,Fun!23,Brenda,6/12/68,0,FALSE,Douglas,4,23.037749999999676
sarahgriffin,683,10311.54,Employee,Fun!23,Sarah,8/11/68,0,TRUE,Griffin,13,27.655749999998534
jerryrodriguez,975,2862.93,Employee,Fun!23,Jerry,8/27/68,0,TRUE,Rodriguez,9,38.69487499999974
travisburton,693,14594.75,Employee,Fun!23,Travis,10/19/68,0,FALSE,Burton,8,1.8961250000003105
virginiaphelps,216,8433.7,Employee,Fun!23,Virginia,11/13/68,0,FALSE,Phelps,8,26.613124999998263
karldavis,859,6531.64,Employee,Fun!23,Karl,1/9/69,0,TRUE,Davis,4,100.6494374999998
ruthponce,927,10460.34,Employee,Fun!23,Ruth,2/19/69,0,TRUE,Ponce,3,22.273874999999975
davidwright,254,6101.96,Employee,Fun!23,David,2/27/69,0,FALSE,Wright,6,44.64428124999978
sarahjones,669,9953.96,Employee,Fun!23,Sarah,3/4/69,0,FALSE,Jones,4,12.780499999999137
jessicafrye,499,2705.21,Employee,Fun!23,Jessica,4/1/69,0,FALSE,Frye,5,35.92325000000028
sharongillespie,936,8689.54,Employee,Fun!23,Sharon,4/10/69,0,FALSE,Gillespie,4,91.13362500000031
patrickbennett,785,4204.58,Employee,Fun!23,Patrick,5/4/69,0,FALSE,Bennett,7,27.991062499997952
jeremyfoster,763,5536,Employee,Fun!23,Jeremy,5/15/69,0,TRUE,Foster,5,30.98228124999973
markramos,189,12293,Employee,Fun!23,Mark,6/25/69,0,TRUE,Ramos,7,49.014124999999666
ginaswanson,655,6435.76,Employee,Fun!23,Gina,7/6/69,0,FALSE,Swanson,9,90.6753750000006
nicolejohnson,417,9101.82,Employee,Fun!23,Nicole,7/29/69,0,FALSE,Johnson,6,51.37337500000103
phillipbrown,583,6819.73,Employee,Fun!23,Phillip,8/6/69,0,TRUE,Brown,10,28.98534375000122
stephaniewilliams,888,9231.27,Employee,Fun!23,Stephanie,1/2/70,0,FALSE,Williams,7,56.580781249999205
annagutierrez,239,2661.31,Employee,Fun!23,Anna,4/4/70,0,FALSE,Gutierrez,9,19.266500000002225
matthewperez,290,4896,Employee,Fun!23,Matthew,8/23/70,0,FALSE,Perez,4,24.395718750000043
kimcontreras,523,4356.71,Employee,Fun!23,Kim,10/12/70,0,TRUE,Contreras,6,0.5960312499998537
rachelroberson,412,12779.99,Employee,Fun!23,Rachel,10/13/70,0,FALSE,Roberson,5,35.33887500000026
allenarnold,638,11892.24,Employee,Fun!23,Allen,2/8/71,0,FALSE,Arnold,8,8.82465625000117
briangates,603,13781.75,Employee,Fun!23,Brian,2/22/71,0,FALSE,Gates,6,68.18374999999878
staceypaul,329,12306.44,Employee,Fun!23,Stacey,2/26/71,0,TRUE,Paul,7,9.236374999999924
chrisholden,260,7147.39,Employee,Fun!23,Chris,3/11/71,0,FALSE,Holden,14,163.9664687499987
deansmith,376,11094.57,Employee,Fun!23,Dean,4/24/71,0,FALSE,Smith,8,63.22187499999961
debraraymond,796,2411.2,Employee,Fun!23,Debra,6/22/71,0,FALSE,Raymond,7,13.739124999999817
sarahmosley,351,6532.34,Employee,Fun!23,Sarah,6/28/71,0,TRUE,Mosley,8,6.85050000000092
stephenpeters,1028,8800.13,Employee,Fun!23,Stephen,7/6/71,0,FALSE,Peters,6,49.30793749999921
pennymcdaniel,902,9974.03,Employee,Fun!23,Penny,8/17/71,0,FALSE,Mcdaniel,10,50.58631250000002
markrogers,644,7678,Employee,Fun!23,Mark,10/26/71,0,TRUE,Rogers,8,27.30171875000056
bryanfields,776,7227.72,Employee,Fun!23,Bryan,1/23/72,0,FALSE,Fields,9,69.16843750000083
ashleygilmore,38,12929.44,Employee,Fun!23,Ashley,2/3/72,0,TRUE,Gilmore,5,12.048624999999902
elizabethcordova,357,13215.34,Employee,Fun!23,Elizabeth,2/10/72,0,TRUE,Cordova,6,8.933750000000146
angelicabruce,270,12145.76,Employee,Fun!23,Angelica,4/17/72,0,TRUE,Bruce,5,49.47725000000037
shanearnold,380,7212.73,Employee,Fun!23,Shane,9/13/72,0,FALSE,Arnold,5,9.805375000001504
amymcpherson,503,4761.63,Employee,Fun!23,Amy,11/30/72,0,TRUE,Mcpherson,3,64.52887500000014
michaelwhite,185,10275.77,Employee,Fun!23,Michael,12/21/72,0,TRUE,White,11,84.27968749999997
erinbarton,1027,13574.75,Employee,Fun!23,Erin,1/8/73,0,FALSE,Barton,11,3.5720000000004433
melissajohnson,811,10885.51,Employee,Fun!23,Melissa,1/25/73,0,FALSE,Johnson,11,105.16599999999968
alexandercarter,532,14188.67,Employee,Fun!23,Alexander,3/30/73,0,TRUE,Carter,8,50.04462500000017
brandonflores,659,9856.03,Employee,Fun!23,Brandon,4/3/73,0,TRUE,Flores,11,7.433093749999273
natashawheeler,370,10942.81,Employee,Fun!23,Natasha,5/26/73,0,FALSE,Wheeler,7,32.68650000000018
anthonyadams,713,2189.06,Employee,Fun!23,Anthony,10/25/73,0,FALSE,Adams,8,27.95003124999903
tonyaelliott,1020,10823.05,Employee,Fun!23,Tonya,11/2/73,0,TRUE,Elliott,8,53.64778125000015
lisamiller,679,12805.89,Employee,Fun!23,Lisa,11/29/73,0,TRUE,Miller,4,1.1659999999999258
kylehodges,129,3819.83,Employee,Fun!23,Kyle,12/8/73,0,FALSE,Hodges,6,3.0060312500002624
bryanarriaga,44,14451.46,Employee,Fun!23,Bryan,12/22/73,0,TRUE,Arriaga,7,38.57075000000049
crystaljohnson,330,5226,Employee,Fun!23,Crystal,2/16/74,0,TRUE,Johnson,3,51.10137500000012
sherekhan,26,14291.94,Customer,Fun!23,Shere,2/18/74,0,FALSE,Khan,5,6.6893124999993745
courtneyjohnson,339,9582.75,Employee,Fun!23,Courtney,4/14/74,0,FALSE,Johnson,5,117.39387500000032
denisemorales,310,8742.54,Employee,Fun!23,Denise,4/30/74,0,FALSE,Morales,6,39.31337500000009
jerrylee,199,3519.76,Employee,Fun!23,Jerry,6/2/74,0,TRUE,Lee,11,24.19031249999952
joshuagomez,846,12980.18,Employee,Fun!23,Joshua,7/14/74,0,TRUE,Gomez,6,65.39209374999847
zacharyellison,206,14404.57,Employee,Fun!23,Zachary,7/31/74,0,FALSE,Ellison,12,90.46515624999982
sarahcline,607,7229.47,Employee,Fun!23,Sarah,8/21/74,0,TRUE,Cline,10,44.721062500000514
sheilalewis,212,11772.31,Employee,Fun!23,Sheila,9/12/74,0,TRUE,Lewis,4,15.124718750001591
monicasullivan,984,2799.79,Employee,Fun!23,Monica,9/23/74,0,FALSE,Sullivan,7,55.017624999998674
teresajacobs,381,14119.55,Employee,Fun!23,Teresa,10/24/74,0,TRUE,Jacobs,10,5.085125000000048
debrablackwell,504,2224.25,Employee,Fun!23,Debra,12/22/74,0,TRUE,Blackwell,8,22.916249999999465
anthonyhardin,390,2134.17,Employee,Fun!23,Anthony,2/18/75,0,FALSE,Hardin,6,54.528843750000746
derekirwin,482,9645.48,Employee,Fun!23,Derek,3/16/75,0,TRUE,Irwin,3,28.69928125000007
jacobwilliams,386,13896.47,Employee,Fun!23,Jacob,4/27/75,0,TRUE,Williams,9,27.08453125000011
scarlion,23,12004.08,Customer,Fun!23,Scar,5/10/75,0,TRUE,Lion,9,37.344468750000146
craigoconnell,388,4527.51,Employee,Fun!23,Craig,5/29/75,0,TRUE,Oconnell,12,1.843781250002337
scottbailey,636,8758.72,Employee,Fun!23,Scott,7/2/75,0,FALSE,Bailey,7,32.93893750000017
justinwilson,165,8372,Employee,Fun!23,Justin,9/17/75,0,FALSE,Wilson,10,81.54415624999845
darlenerussell,537,13257.38,Employee,Fun!23,Darlene,10/20/75,0,FALSE,Russell,6,49.6954999999997
garabdorji,50,14518.68,Employee,Fun!23,Garab,11/7/75,0,TRUE,Dorji,6,21.842250000000604
tylerbaxter,619,2079.48,Employee,Fun!23,Tyler,1/26/76,0,FALSE,Baxter,8,14.681187500000114
gabrielsanders,666,5934.61,Employee,Fun!23,Gabriel,6/11/76,0,TRUE,Sanders,4,80.97824999999983
jessicasmith,1029,13370.18,Employee,Fun!23,Jessica,7/3/76,0,FALSE,Smith,9,69.9765625
brandonneal,425,5837.39,Employee,Fun!23,Brandon,7/7/76,0,TRUE,Neal,7,30.77206250000006
scottdunn,664,14336.66,Employee,Fun!23,Scott,9/18/76,0,FALSE,Dunn,5,54.441749999999445
anthonyhunter,421,11082.41,Employee,Fun!23,Anthony,9/29/76,0,FALSE,Hunter,7,67.20074999999974
andrewatkins,696,4258.75,Employee,Fun!23,Andrew,9/30/76,0,FALSE,Atkins,11,13.591375000000767
beckygray,432,11470.9,Employee,Fun!23,Becky,10/27/76,0,TRUE,Gray,8,18.045125000000468
michaelparrish,674,11547.75,Employee,Fun!23,Michael,11/15/76,0,TRUE,Parrish,5,54.816249999999485
christopherwright,248,12848.87,Employee,Fun!23,Christopher,12/5/76,0,FALSE,Wright,4,45.44824999999946
georgegilbert,856,13522.36,Employee,Fun!23,George,12/21/76,0,TRUE,Gilbert,10,92.26896875000034
alexandrarobinson,293,12522.73,Employee,Fun!23,Alexandra,2/10/77,0,FALSE,Robinson,7,4.159374999999784
ericaburch,925,5650.82,Employee,Fun!23,Erica,3/6/77,0,TRUE,Burch,5,2.230000000000132
ernestbentley,826,8563.12,Employee,Fun!23,Ernest,3/24/77,0,TRUE,Bentley,14,51.43021875000187
bryanwise,871,11803.47,Employee,Fun!23,Bryan,3/24/77,0,TRUE,Wise,7,11.963000000000363
joecochran,492,2296.29,Employee,Fun!23,Joe,4/20/77,0,TRUE,Cochran,5,12.66099999999956
wesleylambert,479,14871.24,Employee,Fun!23,Wesley,5/22/77,0,TRUE,Lambert,11,70.76646874999969
danapark,923,2522.14,Employee,Fun!23,Dana,9/8/77,0,FALSE,Park,13,19.042249999999257
thomasclark,139,14271.86,Employee,Fun!23,Thomas,10/2/77,0,FALSE,Clark,5,21.45212500000025
jenniferbailey,739,6250.92,Employee,Fun!23,Jennifer,11/5/77,0,TRUE,Bailey,5,19.145624999999683
michaeladams,517,13805.02,Employee,Fun!23,Michael,11/22/77,0,TRUE,Adams,11,60.32149999999922
christopherjohnson,564,4200.37,Employee,Fun!23,Christopher,1/24/78,0,TRUE,Johnson,3,26.647249999999687
deborahhunt,350,4880.7,Employee,Fun!23,Deborah,2/10/78,0,TRUE,Hunt,6,71.92621875000029
emilyrichardson,184,14580.75,Employee,Fun!23,Emily,2/18/78,0,TRUE,Richardson,9,32.01612500000094
davidmills,306,3320.16,Employee,Fun!23,David,5/11/78,0,TRUE,Mills,8,1.980374999999583
oliviaromero,194,8931.85,Employee,Fun!23,Olivia,5/22/78,0,FALSE,Romero,3,13.142250000000274
barbaralane,567,7359.32,Employee,Fun!23,Barbara,8/9/78,0,FALSE,Lane,8,58.50525000000022
philipcollins,415,4852,Employee,Fun!23,Philip,8/23/78,0,FALSE,Collins,7,41.09053124999872
luisjohnson,641,9932.62,Employee,Fun!23,Luis,9/19/78,0,TRUE,Johnson,7,86.46899999999965
jeremyrocha,970,8190.83,Employee,Fun!23,Jeremy,10/12/78,0,FALSE,Rocha,6,201.58012500000063
quasimododisney,32,9453.96,Customer,Fun!23,Quasimodo,11/12/78,0,TRUE,Disney,7,1.0768750000002143
loganpalmer,112,4464.01,Employee,Fun!23,Logan,12/8/78,0,TRUE,Palmer,7,41.87871874999951
christophersanford,519,2012.65,Employee,Fun!23,Christopher,3/21/79,0,TRUE,Sanford,6,15.721250000000055
kimberlygarcia,336,8584.42,Employee,Fun!23,Kimberly,6/1/79,0,FALSE,Garcia,12,7.622499999998752
chadclark,574,8274.09,Employee,Fun!23,Chad,6/21/79,0,FALSE,Clark,7,20.0786250000005
ashleywalker,673,7215.14,Employee,Fun!23,Ashley,7/10/79,0,FALSE,Walker,9,24.59662500000033
soniadurham,874,8847.95,Employee,Fun!23,Sonia,9/12/79,0,TRUE,Durham,7,35.471781250000504
raybooth,453,12954.82,Employee,Fun!23,Ray,9/23/79,0,FALSE,Booth,8,59.86075000000065
ashleyevans,148,12134.15,Employee,Fun!23,Ashley,10/18/79,0,TRUE,Evans,7,34.76450000000028
jasonlee,678,2493,Employee,Fun!23,Jason,12/13/79,0,TRUE,Lee,8,12.576562500001444
jeremymorris,193,13003.87,Employee,Fun!23,Jeremy,12/26/79,0,TRUE,Morris,9,35.18849999999965
noahhorne,522,8191.73,Employee,Fun!23,Noah,1/21/80,0,TRUE,Horne,5,11.494124999999329
amberlong,620,3180.87,Employee,Fun!23,Amber,2/13/80,0,TRUE,Long,16,48.524937499999254
lorihall,667,13999.2,Employee,Fun!23,Lori,3/18/80,0,TRUE,Hall,12,11.866374999999607
luissolomon,985,2916.7,Employee,Fun!23,Luis,4/16/80,0,TRUE,Solomon,15,66.61853125000142
alexisacosta,42,7957.55,Employee,Fun!23,Alexis,6/8/80,0,TRUE,Acosta,6,54.313249999999414
jeremiahwilliamson,375,8597.15,Employee,Fun!23,Jeremiah,6/9/80,0,FALSE,Williamson,7,32.73909375000004
rodneymoss,906,4610.38,Employee,Fun!23,Rodney,6/9/80,0,TRUE,Moss,8,15.35212500000165
curtisphillips,877,13154.99,Employee,Fun!23,Curtis,10/9/80,0,TRUE,Phillips,5,5.39087499999971
rodneyberg,557,14937,Employee,Fun!23,Rodney,11/9/80,0,FALSE,Berg,8,73.9520312500012
jadecrawford,319,9906.56,Employee,Fun!23,Jade,11/25/80,0,TRUE,Crawford,5,10.974250000000097
gregorymaxwell,312,12147.58,Employee,Fun!23,Gregory,11/28/80,0,FALSE,Maxwell,11,44.96562500000118
austinlewis,1014,11386.85,Employee,Fun!23,Austin,1/8/81,0,FALSE,Lewis,4,26.962000000000216
kellyherring,886,2221.08,Employee,Fun!23,Kelly,1/12/81,0,FALSE,Herring,11,74.00925000000024
dianamatthews,563,14887.71,Employee,Fun!23,Diana,2/23/81,0,FALSE,Matthews,10,8.87428125000136
ianislas,55,14667.18,Employee,Fun!23,Ian,3/22/81,0,TRUE,Islas,5,7.026781249999033
michaelprince,831,13924.29,Employee,Fun!23,Michael,4/3/81,0,TRUE,Prince,8,35.05587499999956
karasummers,917,5786.47,Employee,Fun!23,Kara,4/24/81,0,TRUE,Summers,11,49.898812500001156
christinawalker,170,6573.61,Employee,Fun!23,Christina,5/3/81,0,FALSE,Walker,10,111.76224999999975
shannonwhite,602,4867.69,Employee,Fun!23,Shannon,6/28/81,0,TRUE,White,5,85.0748437500001
rachelvasquez,147,10042.73,Employee,Fun!23,Rachel,10/31/81,0,FALSE,Vasquez,8,70.01149999999957
allisonchang,276,7506.48,Employee,Fun!23,Allison,11/21/81,0,TRUE,Chang,11,32.569124999997996
seanklein,96,14359.43,Employee,Fun!23,Sean,2/26/82,0,TRUE,Klein,3,24.64899999999946
angelalang,505,2124.72,Employee,Fun!23,Angela,3/27/82,0,FALSE,Lang,6,11.14325000000008
markthompson,830,6847.32,Employee,Fun!23,Mark,4/2/82,0,FALSE,Thompson,7,5.32462499999923
johnhill,702,11976.45,Employee,Fun!23,John,5/22/82,0,FALSE,Hill,10,30.86121875000049
heathercunningham,626,7409.37,Employee,Fun!23,Heather,6/13/82,0,TRUE,Cunningham,13,10.406999999998561
andreavillagomez,86,14485.19,Employee,Fun!23,Andrea,9/10/82,0,TRUE,Villagomez,5,90.68162500000005
victoranderson,841,13281.7,Employee,Fun!23,Victor,9/29/82,0,FALSE,Anderson,7,25.03365625000032
danielleconrad,993,7196.27,Employee,Fun!23,Danielle,10/10/82,0,FALSE,Conrad,7,26.836156249998766
jordanwilson,331,10716.12,Employee,Fun!23,Jordan,10/30/82,0,FALSE,Wilson,4,15.513781249999944
craigespinoza,166,5348.71,Employee,Fun!23,Craig,11/2/82,0,FALSE,Espinoza,10,31.331500000001313
robertogutierrez,227,14556.84,Employee,Fun!23,Roberto,12/8/82,0,FALSE,Gutierrez,5,102.97099999999949
terristrickland,476,2635.97,Employee,Fun!23,Terri,1/9/83,0,TRUE,Strickland,8,29.276093749998836
lauriemendoza,770,5549.12,Employee,Fun!23,Laurie,1/20/83,0,TRUE,Mendoza,8,104.3321250000003
josephrobinson,872,14861.79,Employee,Fun!23,Joseph,1/31/83,0,FALSE,Robinson,10,23.09162499999968
jeremyalvarez,187,7816.24,Employee,Fun!23,Jeremy,2/16/83,0,FALSE,Alvarez,7,190.12775000000056
ryanbrown,530,9544.51,Employee,Fun!23,Ryan,2/20/83,0,TRUE,Brown,8,14.436750000000117
craigbrown,778,5766.16,Employee,Fun!23,Craig,2/25/83,0,FALSE,Brown,9,26.75931249999836
robertlyons,93,7348.76,Employee,Fun!23,Robert,4/1/83,0,FALSE,Lyons,9,48.75312500000177
amandajohnson,914,2494.66,Employee,Fun!23,Amanda,5/5/83,0,FALSE,Johnson,10,16.876250000000148
kimberlymartinez,656,8358.64,Employee,Fun!23,Kimberly,6/16/83,0,FALSE,Martinez,6,106.7150624999997
pinocchiodisney,30,8113.38,Customer,Fun!23,Pinocchio,6/25/83,0,FALSE,Disney,6,11.783093749999935
seanhernandez,723,11715.29,Employee,Fun!23,Sean,8/18/83,0,TRUE,Hernandez,9,48.848999999999734
marygonzalez,687,6667.7,Employee,Fun!23,Mary,11/2/83,0,FALSE,Gonzalez,6,24.327687500000167
michaelfox,487,3488.65,Employee,Fun!23,Michael,11/19/83,0,FALSE,Fox,5,118.55974999999958
sandranewton,840,8183.91,Employee,Fun!23,Sandra,1/19/84,0,FALSE,Newton,6,6.405312499999852
patrickhenderson,101,14041.2,Employee,Fun!23,Patrick,2/13/84,0,FALSE,Henderson,8,15.135437499998176
nicolerowland,197,14486.57,Employee,Fun!23,Nicole,2/19/84,0,TRUE,Rowland,14,1.2518749999994299
danielmejia,37,11662.76,Employee,Fun!23,Daniel,2/22/84,0,TRUE,Mejia,4,35.36853124999982
jennyhenry,313,4732.04,Employee,Fun!23,Jenny,3/20/84,0,FALSE,Henry,12,45.58228124999985
destinyferguson,234,14490.34,Employee,Fun!23,Destiny,3/21/84,0,TRUE,Ferguson,6,2.821624999998619
samanthahowell,198,2556.57,Employee,Fun!23,Samantha,4/24/84,0,TRUE,Howell,7,6.776124999999638
carlfoley,690,13575.05,Employee,Fun!23,Carl,5/6/84,0,TRUE,Foley,11,51.07109375000066
jackmorgan,892,13749.13,Employee,Fun!23,Jack,5/9/84,0,TRUE,Morgan,11,57.15424999999924
marcdriver,51,9418.73,Employee,Fun!23,Marc,6/3/84,0,FALSE,Driver,11,26.668750000001054
michelestevens,114,5591.54,Employee,Fun!23,Michele,6/23/84,0,TRUE,Stevens,7,35.9707499999994
lawrencehenry,665,12818.2,Employee,Fun!23,Lawrence,9/13/84,0,FALSE,Henry,8,10.325281249999975
angelamcintyre,474,12068.43,Employee,Fun!23,Angela,10/22/84,0,TRUE,Mcintyre,4,59.51124999999999
nancymorgan,149,10411.28,Employee,Fun!23,Nancy,11/18/84,0,FALSE,Morgan,2,29.314656249999828
perryhill,698,9475.23,Employee,Fun!23,Perry,11/22/84,0,FALSE,Hill,11,32.532593749998625
lawrenceprice,606,10578.1,Employee,Fun!23,Lawrence,12/14/84,0,FALSE,Price,8,9.26640625000023
bradpatel,92,7260.98,Employee,Fun!23,Brad,12/17/84,0,FALSE,Patel,6,58.315281249999785
carolyndunn,876,2012.82,Employee,Fun!23,Carolyn,12/24/84,0,TRUE,Dunn,15,58.4136562499977
carmenhays,721,8715.44,Employee,Fun!23,Carmen,1/23/85,0,FALSE,Hays,3,103.71287499999983
kevinscott,334,11661.71,Employee,Fun!23,Kevin,2/9/85,0,FALSE,Scott,2,7.184874999999963
johnblair,701,5123.18,Employee,Fun!23,John,3/1/85,0,TRUE,Blair,14,0.24903124999826787
carmenpetersen,988,3374.1,Employee,Fun!23,Carmen,6/7/85,0,TRUE,Petersen,10,90.0762812500015
hannaharias,133,8116.03,Employee,Fun!23,Hannah,6/11/85,0,FALSE,Arias,9,32.49387499999892
heatherlittle,586,4857.02,Employee,Fun!23,Heather,7/29/85,0,TRUE,Little,3,18.787874999999815
andrewtorres,584,9376.1,Employee,Fun!23,Andrew,9/17/85,0,TRUE,Torres,12,82.06487500000043
michelleoliver,802,5240.21,Employee,Fun!23,Michelle,11/12/85,0,TRUE,Oliver,9,77.65000000000023
shellyjones,1036,3871.33,Employee,Fun!23,Shelly,11/23/85,0,TRUE,Jones,7,39.02740624999977
vanessawatson,615,13535.65,Employee,Fun!23,Vanessa,12/1/85,0,TRUE,Watson,8,16.33896875000117
huntermoore,416,9956.07,Employee,Fun!23,Hunter,12/12/85,0,FALSE,Moore,10,11.815906250000978
peggymurphy,365,4219.37,Employee,Fun!23,Peggy,12/26/85,0,FALSE,Murphy,6,8.808656249999132
ronaldbond,627,11794.98,Employee,Fun!23,Ronald,2/2/86,0,TRUE,Bond,10,15.795281249999334
kimcraig,1017,14739.9,Employee,Fun!23,Kim,3/6/86,0,TRUE,Craig,13,101.58637499999821
emilyjackson,991,10027.13,Employee,Fun!23,Emily,7/8/86,0,FALSE,Jackson,9,41.47612500000105
brianjensen,211,12093.03,Employee,Fun!23,Brian,7/13/86,0,FALSE,Jensen,10,15.565562500000532
christophercoleman,138,3925.3,Employee,Fun!23,Christopher,8/19/86,0,TRUE,Coleman,8,23.085249999999505
beverlyjohnson,121,8388.86,Employee,Fun!23,Beverly,8/27/86,0,FALSE,Johnson,5,83.6570312499993
michelleortiz,324,9244.17,Employee,Fun!23,Michelle,12/13/86,0,FALSE,Ortiz,10,124.6837500000004
coreywilson,566,11598.68,Employee,Fun!23,Corey,12/16/86,0,TRUE,Wilson,7,17.05399999999878
carolinetorres,346,4237.83,Employee,Fun!23,Caroline,12/28/86,0,FALSE,Torres,5,34.068656249999776
marklozano,204,7839.92,Employee,Fun!23,Mark,1/7/87,0,TRUE,Lozano,7,24.556000000001404
amyparsons,848,14820.23,Employee,Fun!23,Amy,1/23/87,0,FALSE,Parsons,13,92.68462499999941
marylee,699,5242.71,Employee,Fun!23,Mary,1/30/87,0,TRUE,Lee,6,30.244406249999884
mulandisney,34,5663.67,Customer,Fun!23,Mulan,2/5/87,0,FALSE,Disney,7,9.053718750001707
jeffreyweiss,136,11434.95,Employee,Fun!23,Jeffrey,2/19/87,0,FALSE,Weiss,10,8.06359375000062
dakotabender,362,4763.71,Employee,Fun!23,Dakota,2/23/87,0,FALSE,Bender,11,5.165062500000801
markrichards,273,6743.73,Employee,Fun!23,Mark,4/28/87,0,FALSE,Richards,3,34.23381250000034
rubencarmonamedrano,46,4757.99,Employee,Fun!23,Ruben,6/6/87,0,TRUE,CarmonaMedrano,4,74.0485
emiliarivas,68,4980.78,Employee,Fun!23,Emilia,11/24/87,0,FALSE,Rivas,9,60.53778125000025
tiffanyjones,760,10773.28,Employee,Fun!23,Tiffany,11/28/87,0,TRUE,Jones,4,39.80224999999962
richardvargas,150,13016.94,Employee,Fun!23,Richard,1/2/88,0,TRUE,Vargas,8,87.98650000000043
tararodriguez,451,5256.03,Employee,Fun!23,Tara,1/11/88,0,TRUE,Rodriguez,11,49.13256249999971
stephenvillegas,299,2366.37,Employee,Fun!23,Stephen,2/1/88,0,TRUE,Villegas,5,65.15112499999995
joannatrevino,231,7440.73,Employee,Fun!23,Joanna,2/5/88,0,TRUE,Trevino,6,84.02221874999964
daviddavila,444,6361.94,Employee,Fun!23,David,5/27/88,0,FALSE,Davila,6,10.221687499999533
rayhuynh,410,8884.31,Employee,Fun!23,Ray,7/11/88,0,FALSE,Huynh,8,71.72246875000042
danajones,582,8941.25,Employee,Fun!23,Dana,7/26/88,0,FALSE,Jones,8,9.901843749999642
robertflores,957,3041.18,Employee,Fun!23,Robert,7/29/88,0,FALSE,Flores,3,75.28262499999914
captaiinhook,27,11295.41,Customer,Fun!23,Captaiin,8/18/88,0,FALSE,Hook,5,25.84724999999961
lisaspencer,419,13158.89,Employee,Fun!23,Lisa,9/18/88,0,TRUE,Spencer,5,78.05525000000068
elizabethrodriguez,940,8093.76,Employee,Fun!23,Elizabeth,9/20/88,0,FALSE,Rodriguez,4,50.729812500001174
ritaowens,433,11709.44,Employee,Fun!23,Rita,10/31/88,0,TRUE,Owens,7,23.567625000000035
elizabethdominguez,774,13980.56,Employee,Fun!23,Elizabeth,11/11/88,0,TRUE,Dominguez,4,62.87487500000003
leilamartinez,61,10135.16,Employee,Fun!23,Leila,12/17/88,0,TRUE,Martinez,11,17.21937500000024
jenniferhernandez,954,10047.99,Employee,Fun!23,Jennifer,12/24/88,0,TRUE,Hernandez,12,15.329656250000482
jamesmitchell,1018,8409.78,Employee,Fun!23,James,12/24/88,0,TRUE,Mitchell,5,5.2437812499987615
marissawagner,153,4985.2,Employee,Fun!23,Marissa,5/17/89,0,TRUE,Wagner,4,48.19987500000026
aprilturner,440,10244.86,Employee,Fun!23,April,6/14/89,0,TRUE,Turner,3,21.363124999999258
jaredperry,621,13505.04,Employee,Fun!23,Jared,6/21/89,0,FALSE,Perry,7,39.2303125000018
sarahanderson,598,4316.55,Employee,Fun!23,Sarah,7/21/89,0,FALSE,Anderson,3,10.870812500000511
amandavang,543,2524.97,Employee,Fun!23,Amanda,11/19/89,0,FALSE,Vang,5,31.165000000000333
leeburke,213,3660.25,Employee,Fun!23,Lee,12/23/89,0,TRUE,Burke,6,25.596250000000623
andrewnorris,818,7723.17,Employee,Fun!23,Andrew,1/29/90,0,FALSE,Norris,2,110.00450000000009
angeljoseph,371,12558.39,Employee,Fun!23,Angel,3/20/90,0,TRUE,Joseph,2,88.82028125000011
rogercasey,964,10597.95,Employee,Fun!23,Roger,5/1/90,0,FALSE,Casey,8,1.6656250000008868
davidhayes,932,12075.06,Employee,Fun!23,David,5/26/90,0,FALSE,Hayes,6,15.796999999999912
vanessacarson,1030,5430.97,Employee,Fun!23,Vanessa,7/12/90,0,TRUE,Carson,6,0.637999999998442
stephaniekirby,657,8956.51,Employee,Fun!23,Stephanie,9/4/90,0,TRUE,Kirby,6,81.92574999999994
allisonweaver,732,12837.89,Employee,Fun!23,Allison,10/26/90,0,TRUE,Weaver,4,33.62737499999997
alejandroolivas,63,2225.3,Employee,Fun!23,Alejandro,12/12/90,0,FALSE,Olivas,6,0.14324999999968213
josephhanna,1004,5729.71,Employee,Fun!23,Joseph,12/26/90,0,FALSE,Hanna,7,25.241375000000318
woodydisney,16,8595.5,Customer,Fun!23,Woody,2/20/91,0,FALSE,Disney,8,49.131249999999056
jenniferschneider,930,13425.29,Employee,Fun!23,Jennifer,4/6/91,0,TRUE,Schneider,9,100.10700000000054
rachelphillips,318,11736.32,Employee,Fun!23,Rachel,4/16/91,0,FALSE,Phillips,4,160.04400000000032
sharoncastillo,942,4726.16,Employee,Fun!23,Sharon,5/14/91,0,FALSE,Castillo,3,3.447625000000187
wesleywilliamson,703,2988.23,Employee,Fun!23,Wesley,5/17/91,0,FALSE,Williamson,8,73.5446249999994
martinedwards,569,12072.83,Employee,Fun!23,Martin,5/19/91,0,FALSE,Edwards,10,45.214375000000445
mariowalker,279,10366.24,Employee,Fun!23,Mario,6/2/91,0,FALSE,Walker,6,19.502749999996013
bridgetwagner,215,8917.7,Employee,Fun!23,Bridget,7/21/91,0,FALSE,Wagner,6,36.065499999999524
reneezimmerman,179,6116.02,Employee,Fun!23,Renee,9/4/91,0,FALSE,Zimmerman,8,24.781718749999584
anthonybarber,595,4818.24,Employee,Fun!23,Anthony,9/8/91,0,TRUE,Barber,10,33.43368749999942
lisajackson,918,9409.75,Employee,Fun!23,Lisa,10/16/91,0,TRUE,Jackson,12,62.816999999998664
susanallen,271,7495.25,Employee,Fun!23,Susan,3/21/92,0,TRUE,Allen,7,31.861062499999406
kimberlykline,132,3097.06,Employee,Fun!23,Kimberly,3/31/92,0,TRUE,Kline,8,1.8152499999999918
emilycole,885,14145.75,Employee,Fun!23,Emily,3/31/92,0,FALSE,Cole,5,2.0263125000005147
matthewcampbell,314,2360.58,Employee,Fun!23,Matthew,7/18/92,0,FALSE,Campbell,5,48.446374999999826
lorilivingston,1000,5242.76,Employee,Fun!23,Lori,8/6/92,0,TRUE,Livingston,6,51.00062500000002
kellybell,480,13628.41,Employee,Fun!23,Kelly,9/7/92,0,FALSE,Bell,10,96.60437500000057
jaredscott,746,11026.02,Employee,Fun!23,Jared,12/2/92,0,TRUE,Scott,7,49.643374999999764
christophermelendez,527,11875.5,Employee,Fun!23,Christopher,12/16/92,0,TRUE,Melendez,4,82.50184375000012
nicoleharvey,289,3825.29,Employee,Fun!23,Nicole,1/14/93,0,TRUE,Harvey,7,33.72637500000002
theresahardy,469,4651.47,Employee,Fun!23,Theresa,2/19/93,0,TRUE,Hardy,12,125.10950000000022
marciasnyder,835,14288.94,Employee,Fun!23,Marcia,4/29/93,0,FALSE,Snyder,9,0.3832500000003165
deannacummings,912,7340.52,Employee,Fun!23,Deanna,6/5/93,0,FALSE,Cummings,6,6.709656249999512
jermainedean,715,14003.66,Employee,Fun!23,Jermaine,6/17/93,0,FALSE,Dean,10,3.2229999999994448
kennethdavis,682,4733.61,Employee,Fun!23,Kenneth,7/26/93,0,FALSE,Davis,7,76.48093749999907
bobbybennett,516,6470.59,Employee,Fun!23,Bobby,8/29/93,0,TRUE,Bennett,11,81.41337500000009
denniscooper,934,5636.6,Employee,Fun!23,Dennis,9/26/93,0,FALSE,Cooper,6,24.596281250000203
davidbrown,100,3459.69,Employee,Fun!23,David,10/26/93,0,TRUE,Brown,7,26.29024999999973
urselamermaid,19,10221.96,Customer,Fun!23,Ursela,1/11/94,0,TRUE,Mermaid,11,11.404000000000366
donnaallen,207,10582.09,Employee,Fun!23,Donna,1/11/94,0,TRUE,Allen,18,8.000343749998677
brittanyandrews,95,9551.73,Employee,Fun!23,Brittany,2/2/94,0,TRUE,Andrews,11,1.854750000000621
alexisford,252,5153.9,Employee,Fun!23,Alexis,2/21/94,0,TRUE,Ford,12,23.608750000000718
beckysimpson,958,8403.3,Employee,Fun!23,Becky,2/24/94,0,FALSE,Simpson,2,157.72190624999962
cesarjones,219,5064.94,Employee,Fun!23,Cesar,3/15/94,0,TRUE,Jones,6,2.9882499999999794
jillhenderson,173,6828.26,Employee,Fun!23,Jill,3/17/94,0,TRUE,Henderson,6,14.373624999999876
johnsanders,1016,3698.36,Employee,Fun!23,John,5/5/94,0,FALSE,Sanders,10,29.7039687500004
lindarodriguez,681,8554.88,Employee,Fun!23,Linda,6/7/94,0,FALSE,Rodriguez,6,69.43962500000026
ryanpeterson,1001,9413.29,Employee,Fun!23,Ryan,11/5/94,0,TRUE,Peterson,5,81.10187499999847
pamelacarter,124,11338.55,Employee,Fun!23,Pamela,12/30/94,0,TRUE,Carter,11,94.86743749999965
laurencoleman,891,11369.23,Employee,Fun!23,Lauren,1/25/95,0,TRUE,Coleman,6,36.328499999998655
elizabethkim,307,7049.84,Employee,Fun!23,Elizabeth,6/2/95,0,FALSE,Kim,5,8.796499999999881
plutodisney,5,11681.54,Customer,Fun!23,Pluto,8/5/95,0,TRUE,Disney,7,11.215874999999812
amandabaker,1038,11365.05,Employee,Fun!23,Amanda,9/10/95,0,TRUE,Baker,4,157.25865624999977
katherineevans,103,7223.12,Employee,Fun!23,Katherine,11/27/95,0,FALSE,Evans,8,83.11862499999893
georgeayala,801,12543.23,Employee,Fun!23,George,12/28/95,0,FALSE,Ayala,4,32.1446874999985
geraldbeltran,561,11915.49,Employee,Fun!23,Gerald,2/11/96,0,TRUE,Beltran,7,60.12096874999986
garymiller,464,14569.98,Employee,Fun!23,Gary,2/17/96,0,FALSE,Miller,7,6.986624999999208
christopherdavis,704,14217.17,Employee,Fun!23,Christopher,3/21/96,0,FALSE,Davis,6,66.70887499999773
ericvazquez,190,4724.47,Employee,Fun!23,Eric,4/18/96,0,FALSE,Vazquez,7,56.06012499999929
zacharytran,413,8738.64,Employee,Fun!23,Zachary,5/13/96,0,TRUE,Tran,8,61.76175000000032
alexisshea,449,9188.53,Employee,Fun!23,Alexis,6/3/96,0,TRUE,Shea,8,114.3926250000008
jessedunn,890,12702.17,Employee,Fun!23,Jesse,6/21/96,0,TRUE,Dunn,11,32.44171874999995
keithchristensen,784,8397.84,Employee,Fun!23,Keith,8/20/96,0,FALSE,Christensen,7,43.29481249999998
kristenmartinez,1024,7890.38,Employee,Fun!23,Kristen,9/9/96,0,TRUE,Martinez,15,64.46775000000002
janethughes,618,4205.88,Employee,Fun!23,Janet,9/15/96,0,TRUE,Hughes,4,21.346749999998764
jamesmorgan,587,12824.31,Employee,Fun!23,James,12/12/96,0,FALSE,Morgan,4,13.910124999999717
ericramos,472,7552.39,Employee,Fun!23,Eric,12/24/96,0,FALSE,Ramos,6,118.69806249999982
mirandawalker,960,4328.82,Employee,Fun!23,Miranda,12/26/96,0,FALSE,Walker,4,78.69374999999968
christopherortega,913,10136.49,Employee,Fun!23,Christopher,3/20/97,0,TRUE,Ortega,7,68.6899374999997
alexandrasimpson,782,10258.83,Employee,Fun!23,Alexandra,5/3/97,0,FALSE,Simpson,6,47.95743750000027
simbaking,24,14635.92,Customer,Fun!23,Simba,9/20/97,0,TRUE,King,5,25.468406250000044
lancedominguez,302,7775.14,Employee,Fun!23,Lance,11/4/97,0,FALSE,Dominguez,9,44.636499999999856
tammymartinez,287,10938.84,Employee,Fun!23,Tammy,11/24/97,0,FALSE,Martinez,12,39.077999999999875
corybyrd,1037,4203.65,Employee,Fun!23,Cory,1/12/98,0,TRUE,Byrd,4,13.294874999999791
timothyromero,218,8435.84,Employee,Fun!23,Timothy,3/21/98,0,FALSE,Romero,11,28.832124999999877
cherylwilson,325,8405.34,Employee,Fun!23,Cheryl,4/4/98,0,TRUE,Wilson,6,60.005750000001
amandamiller,208,10365.86,Employee,Fun!23,Amanda,4/6/98,0,TRUE,Miller,8,37.78262499999967
cinderelladisney,8,5270.44,Customer,Fun!23,Cinderella,4/9/98,0,FALSE,Disney,10,0.6209062500000755
michaelcastillo,401,14131.9,Employee,Fun!23,Michael,6/11/98,0,TRUE,Castillo,4,39.060500000000076
michaelcowan,737,5814.98,Employee,Fun!23,Michael,6/28/98,0,TRUE,Cowan,8,78.8658125000006
marissahenry,980,11745.31,Employee,Fun!23,Marissa,7/29/98,0,FALSE,Henry,7,43.52825000000058
elizabethjackson,1006,4956.91,Employee,Fun!23,Elizabeth,7/31/98,0,FALSE,Jackson,6,5.174374999999031
paulfisher,232,13653.36,Employee,Fun!23,Paul,8/5/98,0,FALSE,Fisher,5,129.9193750000003
kyletaylor,335,5623.92,Employee,Fun!23,Kyle,10/6/98,0,FALSE,Taylor,6,2.326125000000161
daniellechavez,899,8514.6,Employee,Fun!23,Danielle,10/18/98,0,FALSE,Chavez,13,74.94775000000065
chrisjones,571,9542.92,Employee,Fun!23,Chris,11/20/98,0,TRUE,Jones,7,142.07800000000032
jamesanderson,653,6884,Employee,Fun!23,James,11/20/98,0,TRUE,Anderson,5,10.545000000000556
anthonybyrd,979,10594.1,Employee,Fun!23,Anthony,11/24/98,0,FALSE,Byrd,5,30.376156249998104
seansmith,773,3054.44,Employee,Fun!23,Sean,12/3/98,0,TRUE,Smith,7,23.348749999998944
ronaldmartinez,948,12600.32,Employee,Fun!23,Ronald,1/12/99,0,FALSE,Martinez,9,73.42299999999886
williamevans,553,3723.87,Employee,Fun!23,William,2/9/99,0,TRUE,Evans,3,9.971687500000726
michaelnunez,733,9090.46,Employee,Fun!23,Michael,2/11/99,0,FALSE,Nunez,8,18.832406249999792
jeffreydelgado,210,2196.76,Employee,Fun!23,Jeffrey,2/13/99,0,FALSE,Delgado,8,81.58896874999948
michaelflores,764,9965.37,Employee,Fun!23,Michael,3/23/99,0,TRUE,Flores,10,54.13218749999777
robertkennedy,994,10766.85,Employee,Fun!23,Robert,4/16/99,0,TRUE,Kennedy,6,20.55100000000178
colleentorres,513,12194.42,Employee,Fun!23,Colleen,8/21/99,0,TRUE,Torres,10,8.768624999998778
leroywalters,262,13434.04,Employee,Fun!23,Leroy,9/30/99,0,TRUE,Walters,8,69.17775000000097
tiffanydavis,524,14737,Employee,Fun!23,Tiffany,10/1/99,0,FALSE,Davis,7,70.33528125000024
michellegriffin,804,9719.06,Employee,Fun!23,Michelle,1/13/00,0,TRUE,Griffin,9,9.451999999998947
mufassadisney,13,5870.49,Customer,Fun!23,Mufassa,1/24/00,0,TRUE,Disney,6,58.820875000000115
daltonbryant,926,14237.58,Employee,Fun!23,Dalton,2/2/00,0,TRUE,Bryant,3,56.85587499999781
michaeljohnson,986,6709.48,Employee,Fun!23,Michael,2/6/00,0,FALSE,Johnson,12,11.468437500000675
austingriffin,106,14035.99,Employee,Fun!23,Austin,3/28/00,0,FALSE,Griffin,5,75.71350000000017
christopherosborne,633,9945.22,Employee,Fun!23,Christopher,5/23/00,0,FALSE,Osborne,7,74.32593749999967
denisewilliams,342,12469.82,Employee,Fun!23,Denise,8/29/00,0,TRUE,Williams,5,43.64309374999999
kathleenhines,549,4418.3,Employee,Fun!23,Kathleen,12/16/00,0,FALSE,Hines,10,8.231281250001018
williamadkins,728,6833.06,Employee,Fun!23,William,12/24/00,0,FALSE,Adkins,7,94.33237499999962
